Set,일자,품목0 변동률,품목1 변동률,품목2 변동률,품목3 변동률,품목4 변동률,품목5 변동률,품목6 변동률,품목7 변동률,품목8 변동률,품목9 변동률,품목10 변동률,품목11 변동률,품목12 변동률,품목13 변동률,품목14 변동률,품목15 변동률,품목16 변동률,품목17 변동률,품목18 변동률,품목19 변동률,품목20 변동률,품목21 변동률,품목22 변동률,품목23 변동률,품목24 변동률,품목25 변동률,품목26 변동률,품목27 변동률,품목28 변동률,품목29 변동률,품목30 변동률,품목31 변동률,품목32 변동률,품목33 변동률,품목34 변동률,품목35 변동률,품목36 변동률
0,d+1,-0.10380233136362167,-0.2201127936954228,-0.21232309006527117,-0.6834378901945833,-0.8604725870996714,-0.6022233544815914,0.28062632485426586,-0.1445196232308374,-0.27485620664113725,-0.9995869461178466,-0.5797219926360472,-0.5320745677905959,-0.46465565046346535,-0.9991127981349327,-0.1652680634606686,0.9518493457421264,,-0.3340494931505788,-0.4446188121211689,-0.5461284206656518,-0.6803359068610956,-0.10805194319971498,-0.8621260083949669,-0.1661107037690704,-0.13714808460116465,-0.6344281918725898,-0.2603430336080591,-0.4963564711339145,-0.13239602851487958,-0.6227745719448446,-0.8455521747040642,0.44995056861846056,-0.35657391241180336,-0.32297612134851633,-0.7192642951893005,-0.34413214083927457,-0.49955769851070586
0,d+2,-0.23144093771190544,-0.20369952674718086,-0.5174453141670216,-0.6971615262912547,-0.8650409284827334,-0.6005628523038526,,-0.4456501463670503,-0.26765276174619473,-0.9996743459742153,-0.5293112860614028,-0.42976468681388197,-0.5839758231483516,-0.9985626132294191,-0.18171405419015768,0.7422777029362734,-0.01258090088705868,-0.40958397674766134,-0.47788486021107385,-0.5720230148505778,-0.6771198588825735,-0.16978345336147746,-0.865719453512527,-0.4770592667727601,-0.3447909364811292,-0.718680201526249,-0.18785352736077002,-0.6348466495659495,-0.12252841362111341,-0.599857138702144,-0.8430945654906582,0.4330195379064492,-0.36157109792314046,-0.3146371590326481,-0.7204508849181359,-0.36885231503317134,-0.49608392990524747
0,d+3,,,,,,,0.25967548430783716,,,,,,,,,,,,,,,,,,,,,,,,,,,,,,
0,d+4,-0.11705796118699349,-0.4334190436028862,-0.24639716818960508,-0.6014007727233716,-0.8630721555084275,-0.5971348449641375,,-0.1557320758585656,-0.19371253290321835,-0.9997251908954694,-0.521526746838538,-0.39715990011040586,-0.5582835753963085,-0.9987268107135975,-0.14386369170477362,0.8547949930081242,0.19793097490795397,-0.35671526763583306,-0.4448290533198785,-0.49496099250593384,-0.6784898337442917,-0.22587583573444578,-0.8633075295821846,-0.06714476247200085,-0.06265404253761789,-0.5861548937042222,-0.10443777828542647,-0.41889889498105604,-0.20469855491091687,-0.6273405140135678,-0.8395588372875077,0.5215742203538836,-0.31871624753395184,-0.2557692089542775,-0.7159202939220999,-0.17669874738153601,-0.4873655711174743
0,d+5,0.03571995221027484,-0.22476129096081304,-0.16325851669126928,-0.6254332678868695,-0.8630844914643749,-0.5954456847461849,,-0.11832230400717314,-0.18848223491034896,-0.9995627607901685,-0.4747050417824676,-0.4996093088393639,-0.4240819369379866,-0.9996241877644549,-0.18428687339931205,1.090336522052547,0.12076904332683852,-0.3677432165415574,-0.39426676279471334,-0.4237098335577318,-0.6500319226500018,-0.20867501355806906,-0.8689656880951292,-0.11248852336853586,0.013092118319622785,-0.5990525051326877,-0.09472912100378439,-0.41641949817055696,-0.10181724616273503,-0.6042392399174904,-0.8481433173657122,0.406351134103776,-0.3232476154687154,-0.293320486183408,-0.7131474677707227,-0.228900342386747,-0.49075417321143255
0,d+6,-0.221423023023023,-0.33471379326384215,-0.07854840822617738,-0.5965993206373006,-0.8593146638556387,-0.5979117242352779,,-0.06697050035687993,-0.17688849286013897,-0.9997798017330335,-0.5517048688972241,-0.4201304537989764,-0.5257251641616558,-0.9991075878929933,-0.1877053475987717,1.0642788590767396,,-0.3474563558693942,-0.40635779298919456,-0.5531598345283737,-0.7245414327598599,-0.07979167071957347,-0.8643375947569155,-0.1587444569809045,-0.04003175277073148,-0.6705564260571723,-0.11208260205820178,-0.4719279432505683,-0.1965165720141336,-0.6120054258819776,-0.8461415797885188,0.3922164152427628,-0.3639256683685426,-0.18984100436205004,-0.7183574810878903,-0.28010420956361926,-0.4897301153658968
0,d+7,-0.0428234944622041,-0.2599237464908006,-0.08227641717913212,-0.5778170028787172,-0.8630175024107843,-0.5985238738061839,0.2459720014131777,0.02491892497484038,-0.15930207978347546,-0.9990371679795271,-0.5603888237387796,-0.42993635708496786,-0.5126183022184169,-0.9989898651380272,-0.1709658145547784,0.8791164945567009,0.01623952746720496,-0.3114501224314667,-0.27010264294434166,-0.43846874785097395,-0.7106966599144636,-0.23065535725778388,-0.8614710147485172,-0.11302577212035948,-0.016163598712072236,-0.5872795631343206,-0.029617066308876977,-0.4608270180517313,-0.16119692060097998,-0.616196711472864,-0.8505297576884869,0.7630141976310464,-0.37127045786933716,-0.20448286982258815,-0.7087587719986003,-0.15325618802554217,-0.4934106211275053
0,d+8,-0.08539713907455845,-0.2192312985966271,-0.17680192847640516,-0.6921765782843432,-0.8633515104500518,-0.5993809566876064,0.28088886680798436,-0.132036786575611,-0.35991663367871,-0.9996840652401195,-0.5908167897020217,-0.5345372204425092,-0.4759773198905523,-0.9992000930960291,-0.15835799188686087,0.5108335846407851,-0.1680727546148817,-0.34427962098894804,-0.33388519065924244,-0.49091513769912204,-0.6803391978084737,-0.08733983993266817,-0.8657829397934532,-0.13589447016823028,-0.19237696111082359,-0.612507081094749,-0.2034861493781921,-0.5288056810482075,-0.13116755168945401,-0.6200733634213706,-0.8459268792005443,-0.06822269842038148,-0.350475146887827,-0.27576305730991113,-0.7155892050663017,-0.39339934549836214,-0.4968726062898653
0,d+9,-0.2868835286899803,-0.18143492954456994,-0.24766571605202264,-0.6979362149520886,-0.8652739336662617,-0.5976942818954643,0.2530444415003238,-0.4218058551821398,-0.26066762341891103,-0.9998413245920907,-0.5346990739419375,-0.4085903155191229,-0.550528794737295,-0.9988006172336737,-0.16702470816899842,0.5644561730594491,0.07059384935588793,-0.428635248304336,-0.4463625571850589,-0.5640170329837161,-0.6783469034487838,-0.16812982311589003,-0.8650046434357037,-0.5350639512076831,-0.4573782986682182,-0.7005576773175789,-0.176837647938579,-0.6628680576649729,-0.18104304635614876,-0.5913911326128476,-0.8421257823986495,0.25296906822486087,-0.3643732264974296,-0.2999824803337281,-0.7142201513093026,-0.40136092786414124,-0.4897208706320838
0,d+10,,,,,,,0.2584352735088029,,,,,,,,,,,,,,,,,,,,,,,,,,,,,,
0,d+11,-0.0635905583002357,-0.4185498136597105,-0.049325721492127536,-0.6100615801914956,-0.8615909922228138,-0.5983652388022843,0.2568708414296649,0.037622259452629536,-0.2072662090454287,-0.9999162082875112,-0.5932439142249056,-0.36646423292376185,-0.6445763046755665,-0.998917570839537,-0.19631406124603312,1.0446577283539191,0.21269420164501676,-0.32809941407057874,-0.4813283433995291,-0.48235587082702813,-0.6811473040990613,-0.20820670702214222,-0.8598550323294533,-0.11706399907209727,-0.09456369906632006,-0.6518639526072576,-0.026170113981213945,-0.4251054070875394,-0.1967627324911261,-0.6225727016248415,-0.8375209055378023,0.7804927773748345,-0.3375738204616752,-0.24542689681741334,-0.7158376650945933,-0.16559758386112133,-0.4869140640660678
0,d+12,-0.05954687590816619,-0.26139021310181443,-0.2566726052027117,-0.6301477513180397,-0.863197313533759,-0.5940172997267406,0.2752201098156979,-0.028073565752420305,-0.1603760023279131,-0.9993650691904176,-0.5164356303640235,-0.45401319783112254,-0.4217772994504289,-0.9986319887887434,-0.18255144916715646,0.6401880321616149,0.07044953399729166,-0.3398633491405173,-0.4787216938724274,-0.4689378401360237,-0.6461480989628463,-0.1968998110794435,-0.8667015172553932,-0.19350636333852392,-0.010883418226565732,-0.5294459881516388,-0.02336946112572725,-0.4315103959271261,-0.13812022720383424,-0.5991972403215504,-0.8470440781920431,0.8406920710760531,-0.3346983607721792,-0.18891578177389678,-0.7153692693810549,-0.1744623018153814,-0.4905444662444202
0,d+13,-0.0743348509800123,-0.31712431364167304,-0.2696779357708484,-0.5859066465733639,-0.8611608929127318,-0.5944916810643553,,-0.02288991811536889,-0.15817412519291574,-0.9997700258610378,-0.5699656498668454,-0.37874549976684474,-0.4912099104860054,-0.9990033431293424,-0.15929335092591115,0.8695811496658671,0.10423269140682094,-0.34201843302444823,-0.43065420123898324,-0.5055144659801589,-0.7231151982085868,-0.07735395859437265,-0.8633755071627696,-0.1410914675192495,0.06002240796209051,-0.6727559139892552,-0.1407490391447936,-0.425072968003989,-0.12406796725689298,-0.6135960807767615,-0.8440590900691609,0.6762285430356104,-0.3660713001339412,-0.20015591040570876,-0.7151709372532082,-0.28054959857072204,-0.4928800308868486
0,d+14,-0.03944305595918495,-0.23561975124126341,-0.34658100368518024,-0.569275369231918,-0.8656052313414915,-0.5958951361823012,0.2796866719660836,-0.07398132547055093,-0.14136207643663584,-0.9987079100382693,-0.5352714150571068,-0.3725742335508315,-0.5152568828866302,-0.9991507946278557,-0.20172995269639266,0.9046755930103308,0.10505693008215376,-0.3201747433741374,-0.39454394749626676,-0.42075182507254394,-0.7013407730116928,-0.21839188497976617,-0.8611310628365708,-0.026721742970754,-0.021103111911120378,-0.5814773603606328,0.03456610464372595,-0.4338358025679066,-0.130470216051142,-0.6208588438670452,-0.8517116899160233,0.43635602290882586,-0.3627598136334244,-0.17795058608619682,-0.7134264786704524,-0.184800841218603,-0.48952404881219946
0,d+22 ~ 28 평균,-0.12035866281027588,-0.2962465717162594,-0.2942422940602368,-0.6530974638293728,-0.8584821019020509,-0.5906922847276265,0.2738244336773746,-0.1855671309849031,-0.30514502792440734,-0.9995494871171996,-0.5119415941830139,-0.3870860033556314,-0.5502982173004914,-0.9988287216674627,-0.1786870928866013,0.6293535207296559,0.014938054498377026,-0.3630085437356333,-0.4825372490907037,-0.5314103373881451,-0.684219698756312,-0.11807539613400331,-0.8602215548433345,-0.31579655167895626,-0.21685249576903412,-0.5945726520579653,-0.22800056614715208,-0.520068439319179,-0.18766113080563185,-0.6067730216264107,-0.8448007728106949,0.38126802166975676,-0.34536241249067084,-0.3523669935690166,-0.7066712237975663,-0.35942322031823015,-0.4908393534086971
1,d+1,-0.08289571466603485,-0.12899351533578363,0.008144946651236277,-0.3739190877726869,-0.9043494178425876,-0.47066718325115303,-0.3277794224968725,-0.07902009168748315,-0.11439734952297277,-1.3939042158080124,-0.7184899662867968,-0.9628799992011962,0.3883114948338409,-0.7734791689916183,-0.1178828763594295,-0.10857043979672842,0.03452203354053825,-0.6761858991025649,0.2768953373313688,-0.19479812630719728,-0.573767577183464,-0.7637383301473449,-0.6703327387498543,0.1995298111773828,-0.22661277682117612,0.4701450478868162,-0.2637306122458516,-0.04375908989237283,1.0082568892648918,0.5394003983080748,-0.7614882128854891,-0.19220925754283882,-0.7773628047550538,0.14869189022931076,-0.741118509545266,-0.14987884490895045,-0.4002258987267608
1,d+2,-0.17714736452546256,-0.18572328948713043,-0.12446829351019233,-0.5076696992684343,-0.9075953210770767,-0.464759677091271,,-0.30562844369069214,-0.14664955675016386,-0.7489541167627811,-0.5019498005205352,-0.9706866354481564,-0.1285888519928425,-0.8714998602515739,-0.14185414856896394,-0.2436547122693703,-0.026606848712219036,-0.6725363914646304,0.11474223655568569,-0.22447642826829725,-0.5648157017445093,-0.7574636809643033,-0.6793719566096508,0.08865315116680664,-0.18311993984458375,0.32211690096744633,-0.10041244563176613,-0.05727320410240331,1.0265090844579992,-1.7381458318162624,-0.7572683770578506,-0.17402917014822014,-0.7848879552123044,0.004048912988619126,-0.7423400163529139,-0.17406921675098888,-0.3842451557044447
1,d+3,,,,,,,,,,,,,,,,,,,,,,,,,,,,,,,,,,,,,
1,d+4,-0.09458826565091859,-0.24498347659853284,-0.18315557729693446,-0.5638099044694889,-0.9061291178096115,-0.45891493230555974,-0.34589348785827084,-0.1880751554158344,-0.20074885846160678,-0.905494603275004,-0.4947398329286687,-0.9630114153631362,-0.09841112928144158,-0.5071211276052277,-0.10717491206844515,-0.1897245430027419,-0.02342362111772631,-0.6704264865056246,0.2945438546236223,-0.24575122475339384,-0.570474104420289,-0.752123322598817,-0.6737130657565618,0.1165201168926989,-0.32043044496987516,0.4412599407993156,-0.28505388925575176,-0.008991439036162622,0.8287244943754003,1.0853589397878909,-0.7507786745687093,-0.1949937227237624,-0.7693844962042246,-0.08324350327589201,-0.7378016563459623,-0.12162233964748696,-0.38440907885214953
1,d+5,0.06629569184680674,-0.085041662876963,-0.10841981365979574,-0.4597751794363684,-0.9061823799419972,-0.4614315083426949,,-0.09166238628649914,-0.1251101121234453,-1.3368362849883795,-0.28710110073679823,-0.9739524477590881,0.3063047028481444,-1.63043911156396,-0.1390621878613858,-0.14021762087031464,-0.08243626976222797,-0.6741852990525273,0.4033709953734195,-0.19327819930018406,-0.5324457858552833,-0.7685368517923796,-0.6870650127473746,0.08295054894564263,-0.2784005482470179,0.12416533859473709,-0.19720163611138924,-0.02361019526620802,1.090342923834929,0.1498298554284669,-0.7639257706566508,-0.22251642304500097,-0.7722978398207814,0.15408868734731193,-0.73545663898339,-0.1054853048300006,-0.4034913089768469
1,d+6,-0.09158706208292754,-0.16072940152655735,-0.03644701279353194,-0.4048899634756231,-0.9035422448643806,-0.46632501839979196,,-0.28714706947368285,-0.12851320218864315,-1.427962821908784,-0.589672074251567,-0.9590893051489557,0.12163492585204072,-0.5391616233712369,-0.14943489427378243,-0.13909490849331468,-0.08009972614567787,-0.6691644724205706,0.2971480938215418,-0.2269325362432063,-0.628728902356368,-0.754396376543343,-0.67589863285897,0.11769266782406287,-0.23908915542499137,0.15580348459227084,-0.22192005216255856,-0.07724834118979544,0.850710498015277,0.36101723847639133,-0.7614414977351421,-0.1646185589304119,-0.7793214206801653,0.19464804988635426,-0.7404664528098841,-0.1612960896022869,-0.3837343951649491
1,d+7,0.07032243451905545,-0.15539317197568153,-0.06820162670096477,-0.46605438222628076,-0.9061959599880945,-0.46318646000562724,,-0.21128829506222283,-0.10818384250769203,-1.1272446620221535,-0.6306193721758068,-0.959879902458887,0.2813920132535905,-1.132462647088122,-0.12888329694457776,-0.10939218420712563,0.05023438605442951,-0.676864393484517,0.6401766627082844,-0.12069611816625474,-0.6114020264644393,-0.7713747460668612,-0.6690213191559907,0.025316751776062477,-0.23805333089423938,0.21469800586946108,-0.3535369800201994,-0.04475886192262684,0.9338253810164621,0.4648203332439582,-0.7697023866947842,-0.19153922371199042,-0.7736929328263742,0.1504805135339397,-0.7311041880394391,-0.08190918616175427,-0.38944418882345977
1,d+8,0.04838325185698767,-0.14663819690128285,-0.06974542576402368,-0.38683057582629937,-0.9063715914844233,-0.4658825262276065,-0.32776164412255415,0.04609292552106188,-0.13510291294075394,-0.8497223374051214,-0.7383682221163275,-0.9627672933744347,0.30084554321120643,-1.4218334202241991,-0.11716421676955184,-0.09040273236836002,-0.08141985406235137,-0.6750445905215968,0.4912661913721645,-0.19039585271249634,-0.5735911333118934,-0.7607384090886451,-0.6792016517914109,0.027204773991442013,-0.13069468032747836,0.13078830020727908,-0.2866368779010559,-0.0572712786206241,1.0211700192217612,0.1353946875843928,-0.7619286451622382,-0.16341748806035275,-0.7774901609151535,0.15655386012360978,-0.7378719055035631,-0.17293482060189408,-0.3887459279546849
1,d+9,-0.05927281557090503,-0.17890706796150155,-0.15328226896112213,-0.49714575918978543,-0.9076685423846265,-0.4599452512624854,,-0.2535982436857887,-0.14938092665096242,-0.815150221379216,-0.5225896719055635,-0.9678158837278965,0.16658008445241265,-0.9303732577812771,-0.12552413574564364,-0.15864075168499764,-0.11787172897042023,-0.6722396580466834,0.34234972963399257,-0.229391146037912,-0.5664881313197768,-0.7561835222710679,-0.6774337972297003,0.07467534355414651,-0.1711769066715299,0.2855225065653977,-0.17592379931450586,-0.07070278622396585,0.9000992347481301,-0.3028307401001982,-0.7562243574494626,-0.1922236585472919,-0.7880719380608947,0.005826957118623611,-0.7365620275473449,-0.1890983699448678,-0.3816079803299783
1,d+10,,,,,,,,,,,,,,,,,,,,,,,,,,,,,,,,,,,,,
1,d+11,-0.09451107229892022,-0.22500024782479702,-0.17178846697248965,-0.5718692492614612,-0.905116515817136,-0.4616971627938341,-0.3404873529281224,-0.19905155266968425,-0.18433825961932612,-0.7270890370480675,-0.7634272906765993,-0.9615615964167644,-0.2636406718581032,-1.0774631422666971,-0.1563580346547661,-0.20157456127386725,-0.07058172407649865,-0.6719257783153619,0.14612894810666124,-0.2891106925320362,-0.5736837404320151,-0.7410076968097995,-0.6649476541654605,0.07053674653450169,-0.23533537621637615,0.3272044626758195,-0.31097086710052696,-0.033637416700294874,0.8475468774279421,-0.7619158014787144,-0.7475967004997656,-0.16562999721898217,-0.7756046254673009,-0.09319830401747554,-0.7378370894216907,-0.07255180912596108,-0.3918366553956491
1,d+12,0.025759128422518488,-0.10791079899113143,-0.08373929315594811,-0.47298104579184735,-0.9062152565967129,-0.45915775516446966,,-0.024671492977728558,-0.11823755763728329,-0.8592811776216847,-0.44995100974754126,-0.9737255738496573,0.3389946408230009,-0.5910352106743215,-0.1431238865080709,-0.17444274243894276,-0.047548805501155665,-0.6731848627654157,0.09655031932200593,-0.2100965041815585,-0.5271186240581482,-0.7686016844142665,-0.6816097326503949,-0.02233491731239237,-0.2529950515685042,0.0765229692814157,-0.2290966912866203,-0.029583142896141935,0.994279060190987,-1.2309468435241313,-0.7621198429776385,-0.18376113281217324,-0.7747812947984875,0.147614682654847,-0.7377666287233392,-0.09479152205818152,-0.41406940845672535
1,d+13,0.08668363481043934,-0.14279362089035122,-0.04152890034886091,-0.4108141239237233,-0.904924987859888,-0.46040469879940943,,-0.1804624107466726,-0.11685373994988217,-1.137749058026351,-0.6861359464710091,-0.9567654239016153,0.24759309327337736,-0.882051100772318,-0.11513182519000985,-0.18472171085566955,-0.14162369063596897,-0.6654023214523882,0.2779081557488806,-0.17274655051553245,-0.6262168136304972,-0.7531188781314789,-0.6737296161404723,0.03885842683146804,-0.29683143250417704,0.40544391285262843,-0.29713952865194887,-0.07304114631040945,1.0267326175333558,-1.550416884442542,-0.7587962010831075,-0.09383615097270641,-0.7778947695237723,0.20704387137365707,-0.7376064747467259,-0.18178289779394965,-0.38296893050929226
1,d+14,-0.061812707969469145,-0.1308960373549669,-0.08296470513286383,-0.4563327018742832,-0.9078821764380931,-0.4566715600396038,,-0.17911642480452533,-0.10474938527910564,-0.8474975051069707,-0.5208339417304086,-0.9570336423571472,0.15228886791649762,-1.4062107171225844,-0.1624249843517913,-0.1196330094958717,-0.03934299817907698,-0.67087658290929,0.296773464648513,-0.12719427342543413,-0.5990007251611833,-0.7656787080820492,-0.6681495926540182,-0.0065077114437246675,-0.20166133774866749,0.24124714873925995,-0.34519134836068166,-0.025516422227630658,1.011882188654169,-0.13863761728012317,-0.7713127793443841,-0.36724359501490983,-0.7709773155125507,0.15704282057119487,-0.7359496699594954,-0.10303528902350287,-0.42287831974026674
1,d+22 ~ 28 평균,-0.04199621471221677,-0.2200112772632471,-0.18484610846800145,-0.511120405651399,-0.9030474925571177,-0.4540275287447885,-0.33149216332945775,-0.2664230650420112,-0.23828071267421777,-0.9319335963567137,-0.4324995752931377,-0.9605603842017044,0.08596943227196101,-1.0183780360991685,-0.13658404108426633,-0.26690619829383416,-0.2515586544928792,-0.6616480055545558,0.1506894437057549,-0.3158349334962661,-0.5770736530803228,-0.7495150329619731,-0.6659576265908981,-0.0805558851548202,-0.32180889047981165,0.19660657643025714,-0.35155086306509825,-0.15497688714909041,0.8780319597381917,-0.6763664996410743,-0.7596119515024627,-0.30360000061241615,-0.7782660980391253,-0.020207031452332852,-0.7297657294168072,-0.24136240729969602,-0.408445904594962
2,d+1,-0.1262408987065292,-0.342949747418634,-0.15066106685301303,-0.2142838299375542,-0.8379206419390168,-0.984810406925288,-0.8460431541475238,,-0.00220421980936472,-0.9997412299560513,-0.5469497246286538,-0.8266025789806019,-0.0034373356801970997,-0.9987905648203824,0.016775728651120148,0.5189881130427219,0.5478190120914572,-0.1770227547179832,1.1752908565080649,-0.3106041364553062,0.1291767105318742,-0.4399433084559063,-0.6425994056127554,0.05598147785827766,0.08291458713256464,0.6182285157882652,-0.3508334153664238,-0.23832269429094363,-0.214839723283459,-6.138691913869672,-0.8448664845645389,-0.18877716329838337,-0.39316506315259675,0.8001369760125336,-0.30278686587076437,-0.256802069466268,-0.35863628114181484
2,d+2,-0.12044549161353155,-0.40517908983956025,-0.3060827125776014,-0.32958143034739534,-0.8431782221305351,1.4671900240445728,-0.8477490076689443,-0.5124190286709727,-0.07152241048490669,-0.9997959842281955,-0.5362081212487673,-0.7861090543398536,-0.20224419206953093,-0.9980405517667328,-0.024860045932512818,0.5573883596626819,0.37226522555155495,-0.3176476795900165,0.6527617144357957,-0.34537364482493277,0.12876046576843475,-0.27916952643334436,-0.652907931530486,0.04250312276624199,-0.029822972299460616,0.05677300620317792,-0.41060310266921823,-0.29193285902004346,-0.21085145860524251,-2.265876914619564,-0.8466773644575536,-0.4256790202374218,-0.40587468620261974,0.5229807421536218,-0.3058625703999112,-0.31528444040737985,-0.33558153028481547
2,d+3,,,,,,,-0.8483642771053892,,,,,,,,,,,,,,,,,,,,,,,,,,,,,,
2,d+4,-0.04071559750271002,-0.376453889487429,-0.221581497654152,-0.4289896419150911,-0.8409414088403206,-0.816818432775872,-0.8491987160223023,,-0.15275316855142487,-0.9998278375603538,-0.53202112212462,-0.8172095273534649,-0.30069455252589583,-0.9982643860727562,-0.047250745586009134,-0.8062158805696562,0.03824555001897793,-0.2256388660005679,-1.6069933503174036,-0.5025525261492492,0.1222038059878798,-0.26002945126303634,-0.6468961894841396,-0.07323898928439977,-0.11997454563727339,0.5443757195229852,-0.4576106624904113,-0.26778406771737784,-0.29713383125745246,2.7789019864826594,-0.8299817171847986,-0.33925901059416746,-0.3919983840653591,0.7709823946594675,-0.29436281288623045,-0.33504369951986046,-0.34114942432458045
2,d+5,-0.05599628963905855,-0.2932017001890243,-0.1958516009805081,-0.23074127286991422,-0.8409364465524412,1.3464817139233902,-0.8514025093920665,,-0.15970756298111777,-0.9997260783291653,-0.5195914074486553,-0.7873775654686964,-0.06423141501384091,-0.9994876920839606,0.018706302278767725,0.5660047735167486,0.36640150197769494,-0.2397234798317848,-0.4563627141343445,-0.33321637766339046,0.1817041089027399,-0.3179326312732757,-0.6611697026152886,-0.005237834501323576,-0.10516539463439926,0.47579474372794484,-0.4408674883552014,-0.20026571502705126,-0.17319215922993192,0.21649254038088422,-0.8303704017779108,-0.28029419066164357,-0.388054303749123,0.7565472901823919,-0.28760606634896363,-0.2310572615704568,-0.3695980222775523
2,d+6,-0.25877022907404235,-0.3684879609682426,-0.33781575341425046,-0.23087844868730892,-0.836581315271331,-0.3974619001618925,,,-0.23902129375618042,-0.9998620501641983,-0.5482045995095434,-0.7780145309547053,-0.1923244819946586,-0.9987834622091909,-0.09721771608431287,0.10531039967416524,0.2605028338133607,-0.21073260224884657,0.8649815667072014,-0.20710150941210662,-0.013552570604731261,-0.21138175670501305,-0.6489498109592405,-0.13762687987647093,-0.06366213777599475,0.1978179258788924,-0.5419819640721834,-0.2891852383045895,-0.28441326329083416,2.479879460510705,-0.8432060054874042,-0.22175375714585413,-0.4166143290384585,0.5765660442429217,-0.30061173915470657,-0.30451565915767104,-0.33982166763115407
2,d+7,-0.27914768344877056,-0.38198027833722303,-0.37175889351479363,-0.4162534692955203,-0.8408330138644561,0.47908544504061706,-0.8500637634257696,,-0.004486492579219838,-0.9993968048842585,-0.5498625465826815,-0.7952092470481962,-0.1581777848768915,-0.9986229823376945,0.004860550944588668,0.035986284395338144,0.42294776152484564,-0.14363784201279414,-1.7317316247543497,-0.28323216285914266,-0.0028567392205750193,-0.5850601142050186,-0.6414676165571003,0.07937547421563736,-0.09185004566302703,0.3198820551245488,-0.49894542566698563,-0.26244994486416917,-0.2502026238027379,7.910148303214834,-0.8567310594152302,-0.4819800572688444,-0.42548055875144136,0.49995103363962595,-0.27647038687485437,-0.33758244189911496,-0.3453482903964691
2,d+8,-0.07106078706114477,-0.3514954780651587,-0.17195638929889379,-0.22971872533873366,-0.8412439791747138,-0.1733758554061653,-0.8457047563990325,,-0.07775553901927747,-0.9998020731550253,-0.5608243879773955,-0.8310019929937145,-0.09420629955615382,-0.9989095654684991,0.01764454320912583,0.5271388617407032,0.40066413139781437,-0.1959976332619231,0.6042885905144995,-0.3418636348857833,0.1289412264331051,-0.4087059673511859,-0.6523566119429599,0.19459950284376115,0.09724114794338629,0.5380299577434474,-0.44613686660427565,-0.2293214047156965,-0.20137514998768627,-0.9307511066625085,-0.8437622990217457,-0.10192478685846883,-0.3830584584142573,0.42384915442931703,-0.29381497229894493,-0.2696992816761642,-0.3425502792724347
2,d+9,-0.15429436799307705,-0.39199378294217324,-0.26939203053662025,-0.3201500195438584,-0.8434861320934486,-0.14383379835878615,-0.8493829939475553,,-0.08081796184702796,-0.9999005930120686,-0.5359440285533862,-0.788941281460734,-0.1302093568004544,-0.9983649992537922,-0.0014138017509718339,0.47632548668112934,0.008329590801461539,-0.3509970180668037,-1.29284392718005,-0.3644781385184585,0.12006752858011872,-0.42984765085446014,-0.6505460352993306,0.09760255735390384,0.11199560532166924,0.3372618874555002,-0.4683053238321489,-0.2956547133611807,-0.25355857006290083,-1.3853102167818034,-0.8434941163142531,-0.4133998643385872,-0.41068276861050684,0.3338595613374493,-0.2903841520754536,-0.29714597262718606,-0.3354962246218982
2,d+10,,,,,,,-0.848522450389484,,,,,,,,,,,,,,,,,,,,,,,,,,,,,,
2,d+11,-0.26515526877804063,-0.3580148709039283,-0.3069042125013597,-0.4505777757647208,-0.8392196500176831,0.04423951660789593,-0.8484963810726034,,-0.2563642605417104,-0.9999475061582518,-0.5615674055362363,-0.7884464792578878,-0.3909454786206864,-0.9985244306198471,-0.003478467253784298,-0.18751301167892812,-0.21988765208037792,-0.17463023337930758,1.3418637234131712,-0.5048580885152492,0.11663588228133666,-0.2817746514825289,-0.6368124968686395,0.0364614061248199,0.038898258813765366,0.5309104847400765,-0.5037576814207924,-0.24771638985276379,-0.2882779002316791,-1.1410844723567533,-0.829394369510387,-0.4097450540869571,-0.40826123713493817,0.4923609178280528,-0.2941680197597754,-0.3265049860038695,-0.35321860401489896
2,d+12,0.04193717126229296,-0.3111655981711269,-0.1513438028636546,-0.24967619420128204,-0.8410866410501144,0.02853015995562136,-0.8465617012963216,,-0.1555559877338193,-0.9996022284728485,-0.5339966174780966,-0.7800483001221142,-0.036191936935129516,-0.9981351246540949,0.02541590477203031,0.8775713908239053,0.3689750912478606,-0.19215376285062463,-0.007819781172337656,-0.33516341498961255,0.1944222311750637,-0.2131775053886329,-0.6552082376020587,0.037657687664442274,-0.03259564824250139,0.5748042231580492,-0.49048295610080583,-0.19244914657565843,-0.2215065793700874,2.5408743410951025,-0.8319911461384042,-0.3534424888976763,-0.39751664658329566,0.5831605413895573,-0.29324582890646567,-0.26377999408253827,-0.3859723967606501
2,d+13,-0.16429822946367204,-0.3482117025334087,-0.23778129288792596,-0.24551687864506722,-0.8386755558279121,1.2608517223890852,,,-0.2347522105685353,-0.9998559257747778,-0.5407902495877367,-0.7612648171917027,-0.1468983310827083,-0.9986413555597187,-0.04500551827757927,0.370906254782968,0.08694294353323331,-0.20464852645695483,-0.11633949328492997,-0.28915694497173583,-0.005996692282395986,-0.30607889228061447,-0.6467479119371989,-0.1616614737597453,-0.02137881661488728,0.25782378162536485,-0.5162338947936442,-0.24835432976239072,-0.2092444415389601,-7.073519211323741,-0.839204816289194,-0.07392183745325756,-0.4253171878708569,0.6160109971043982,-0.2927650335555905,-0.32066338863472255,-0.3365332695574653
2,d+14,-0.16659168567401988,-0.36051112707989,-0.3190281127086534,-0.40423603632315086,-0.8438767830377004,1.4487504500782575,-0.8461282105924882,,-0.00882033718634694,-0.9991905313310708,-0.5417094595680478,-0.7819573089481395,-0.20862988896984927,-0.998842361707937,0.0011354434058546243,0.5913868261125117,0.17508262695666466,-0.16526741424864325,0.24432174545221444,-0.27379923747258733,0.025208706334304304,-0.6680560112398577,-0.6404555522671026,0.05141492537009905,-0.12341553243357105,0.1868584900978286,-0.5248768894865973,-0.23451931189799244,-0.21510738723771694,-1.2204974775902269,-0.8584534322335405,-0.3245417637303456,-0.4130357251300725,0.6462973091442329,-0.28850916051282793,-0.34199763223376684,-0.3993838796970262
2,d+22 ~ 28 평균,-0.24985522662494872,-0.3882543678382904,-0.3176381729951829,-0.3801043722495571,-0.8355814777691123,0.5532597765832737,-0.8465747712790395,,-0.1962753745526542,-0.9997177626369859,-0.5295693904767127,-0.7794201749788158,-0.20911982429787007,-0.9984033112685274,-0.0186006333129675,0.2091864954350736,-0.06164306697121441,-0.24810045399022376,-0.48163167974477117,-0.3449178901802311,0.09932984681275953,-0.42234056091826944,-0.6380595333525022,-0.20151936236300946,-0.1458088466879573,0.16064199758625405,-0.5555521186204351,-0.3531132593872396,-0.26779334305534713,0.6168199183260925,-0.8418582123433199,-0.3664198169453669,-0.3986367555361788,0.2919764461874481,-0.2717002426444838,-0.3728993495528207,-0.376435999532261
3,d+1,-0.2473105004298833,0.011944648314843107,0.09958992083697346,-0.007709805490622697,-0.8764567799706563,-0.9387461430423402,-0.24543958100918203,-0.41122989293641465,-0.3153547389547642,-0.9996922435796726,-0.5309558882999307,-0.39417056488477803,0.21062069132082334,-0.9987359121858084,-0.08209453681930362,-0.5720068706775253,0.5721984937538521,-0.239526106135686,-0.43072061744752776,0.012719162844128397,-0.07116259298874557,0.21394698214078656,-0.6486186205482933,0.3534331793627662,-0.4004868718659324,0.6991921120928339,0.12758763770135328,-0.2963106835030375,-0.5571074523154717,-0.3270298279966392,-0.5025182172338176,-0.2786174287619672,-0.3336173228396102,-0.2962830802247995,-0.026394503877003303,-0.14720900191436914,-0.4530213766447706
3,d+2,-0.2572058885844841,0.07911965458387982,0.022917967046084085,-0.20193893745518993,-0.8804534087094643,-0.9123838970140389,-0.22051135368833885,,-0.2544535729004207,-0.9997573630909404,-0.5242682465917197,-0.49968272232409955,-0.1799795058550615,-0.9979520071220389,-0.1419534385474116,-0.5507032579771408,0.3606910453068647,-0.13167802544672833,-0.35767939011198635,-0.10589362267151094,0.05373379286199718,0.1376025783056257,-0.6561929593046405,0.3966825249110358,-0.35738143424661817,0.5079702455036086,0.12763485700220767,-0.28113876329148263,-0.5496032167686931,-0.28629120819481296,-0.49606867205139804,-0.44432275373326424,-0.3298544839852325,-0.2865282430617067,-0.032234560333166754,-0.1719759782901978,-0.43338562745277626
3,d+3,,,,,,,-0.3556279060842334,-0.41201397049223126,,,,,,,,,,,,,,,,,,,,,,,,,,,,,
3,d+4,-0.2685000525637189,0.30032645320836093,0.0533282598141494,-0.25066175121453915,-0.8787595451804625,-0.942095307590238,-0.6466925017407841,-0.41055761718239975,-0.3142324991427845,-0.9997952464074594,-0.5255040203610778,-0.42297409757816384,-0.10878537544526652,-0.9981859561781031,-0.09757468744293739,-0.645402431932782,0.011633028119685267,-0.18432887259870673,-0.38644308060368066,-0.03643552272688576,-0.0134254675335345,0.08398915738565683,-0.64966253620817,0.3854122326483329,-0.37817892603398096,0.7558645451876695,0.3464085553377064,-0.11539010224146692,-0.591012306577995,-0.3352133928470022,-0.4773697060735331,-0.34077756082280564,-0.24027042090809517,-0.2797328227685266,-0.011844784779744173,-0.07874844090617848,-0.43801084398866663
3,d+5,-0.1316225385294075,0.4576273412738944,0.0275480600062307,-0.06277834800622038,-0.8787514912005137,-0.910136948477612,-0.37770867480249604,-0.39656525656090874,-0.30342913155679535,-0.9996742236791407,-0.5110936986034583,-0.45980108670274905,-0.0830124353764811,-0.9994645416267913,-0.1128104753473877,-0.5442874758029105,0.15827101903253663,-0.1939616748867604,-0.2787280696260308,0.0614752853277435,0.11743140890036625,0.17496081805898184,-0.6647104573123329,0.3275993287535999,-0.3837288340369957,0.6933594709194373,0.2085329664690971,-0.24676667343664263,-0.545877626087345,-0.29395643792328613,-0.5010846401857408,-0.27614316265872224,-0.22381146112410846,-0.2706751479787675,-0.004950315692029611,-0.12459852397293972,-0.46167825273566493
3,d+6,-0.2322014391820992,0.29221287986693606,0.14060650912449066,-0.022606728789909148,-0.8754371650151721,-0.9607916871460123,,-0.40059678025851936,-0.28899369307071593,-0.9998359356167998,-0.5427282169194805,-0.43298285442223233,-0.22877191683015868,-0.9987284886178426,-0.1462739083727064,-0.5990003402229075,0.6199182573274482,-0.18138246429159252,-0.2945164294041348,0.14421408947517841,-0.16592518635383566,0.29811080708728394,-0.6532706725334455,0.31666870101957634,-0.4170689036813911,0.6600719463160036,0.19719719993814555,-0.3088147872443833,-0.5865542474860004,-0.3080704497822127,-0.5022255415159513,-0.4579710882613865,-0.2659099532616963,-0.26232814903700796,-0.025551371272017065,-0.16316348309916492,-0.4364968426780943
3,d+7,-0.2538669170370778,0.22782396583111741,0.10496813241041221,-0.16475221293817705,-0.8786669678949787,-0.9264855463925983,-0.3638843322893696,-0.3716588693040866,-0.3072232509779489,-0.9992826172351834,-0.5443966135578104,-0.4743038128987597,0.0859372095888386,-0.998560756891992,-0.11208137543288119,-0.6011721562210735,0.4782553997919614,-0.23898697060163737,-0.37234310373046275,0.15004441388607542,-0.03615572855699835,0.08245850445932196,-0.6460468447004477,0.33783400979187533,-0.3606185519277756,0.7575127847816578,0.1895175564162091,-0.2510169458339319,-0.5685171889432075,-0.3153881557914946,-0.5223567345058795,-0.4369204918871332,-0.3124351729494494,-0.25571769123313803,0.014279234390362258,-0.1549869677321518,-0.4414509934708045
3,d+8,-0.20484316066647298,-0.07852581314804237,0.09150055764325069,-0.0272465686686876,-0.8789853213038209,-0.9225763592588402,-0.3922461738614638,,-0.3092136978244223,-0.9997646046800216,-0.552266991461754,-0.4101468330106502,-0.03595367252852276,-0.9988602903018913,-0.09404782889732514,-0.525822395353589,0.35678517977138124,-0.22595060816126558,-0.36605214676263226,0.006210370489426656,-0.0710841161050428,0.24299414313177686,-0.6574959805658062,0.30333701695304477,-0.40220828229801164,0.7719911203288171,0.1808623880308772,-0.28819915739595764,-0.5604709487887206,-0.3222076642633404,-0.502874949138059,-0.3452186225900378,-0.33081873061274897,-0.2945087592970813,-0.015598569791592291,-0.17601920042285252,-0.43919107570498206
3,d+9,-0.23639957282572097,0.11067467698177139,-0.16593071050007202,-0.1880239611847094,-0.8806963685473194,-0.9862088698979052,-0.2820159609845212,,-0.25796375270439187,-0.9998817748055591,-0.5207434726855452,-0.4712300200149685,-0.05195640793816926,-0.9982911159239398,-0.10978838111293765,-0.5532919452337651,-0.003923096850880828,-0.11303443977734227,-0.21967967206731762,-0.10631834592571286,0.053550854671880886,0.13921248510619733,-0.6551825052588246,0.3496439030114585,-0.36829754584940755,0.4927805517686124,0.16258504358672712,-0.27216938638126925,-0.5838435065288651,-0.27138739053424266,-0.4924706850267067,-0.4721712286376508,-0.3253733529026678,-0.2766900586040482,-0.010238797338556283,-0.17972297017464955,-0.43314752184280264
3,d+10,,,,,,,-0.33925786128882673,,,,,,,,,,,,,,,,,,,,,,,,,,,,,,
3,d+11,-0.2822594534884515,0.3934113004775438,0.06942168232314867,-0.27191851670443173,-0.8774468901348065,-0.9238691859220349,-0.4060600900204185,,-0.31117905225848513,-0.9999375688291459,-0.5577433287129031,-0.4307642498518529,-0.11945912915715001,-0.9984577517638974,-0.14743838944092721,-0.6634791220572291,-0.04749907021682948,-0.21483889435036962,-0.3562555229578441,-0.02790552267224232,-0.0258991903869821,0.1157422720827311,-0.6426714946933472,0.32067484629799126,-0.33671194396444143,0.8491578961790813,0.31522337551799634,-0.12492592481251781,-0.5860858295341578,-0.32684659889428125,-0.47143792992700284,-0.29122242165003426,-0.2634460810731575,-0.2765051813194965,-0.012889216698383603,-0.07339652897445476,-0.4482610873520642
3,d+12,-0.1441063115649407,0.33160155443028594,0.10728530248914721,-0.08665653892702076,-0.8788702212335642,-0.9461733101347805,-0.29579549753248985,,-0.30479936219943515,-0.9995269284673128,-0.5251903235512906,-0.45153604292532595,-0.06702265612384586,-0.9980508536220267,-0.1287641715427873,-0.5491286761993402,0.10286529784024034,-0.2145026375195801,-0.34886622080879787,0.06176804705793646,0.13161888188304924,0.1729141663826661,-0.6590870483183978,0.29438017983016146,-0.40547433993002735,0.7541506608366062,0.23770195709359385,-0.2418840821854298,-0.5603008978044662,-0.28511006582131526,-0.49867248852574136,-0.4434845706777749,-0.23780421525777232,-0.2739770709360806,-0.015941845826573108,-0.13792296188066047,-0.4756239529427282
3,d+13,-0.20885209803195542,0.3344438813365125,0.012624164468686562,-0.03564628546077677,-0.8770223054866794,-0.9700111725729633,,,-0.28788562552978647,-0.9998286518518942,-0.522579462628958,-0.4817088647922672,-0.20725319283882923,-0.998579960373468,-0.09278380128272674,-0.5493506055519422,0.0973456621633724,-0.17278778468080255,-0.34429834227371053,0.12172500655776641,-0.161921458068143,0.3028692245754509,-0.6503530922693485,0.2867518441813815,-0.41837588676050175,0.8187419134397649,0.20190066475586707,-0.27451099497133385,-0.5534427172002591,-0.3106797708426194,-0.4953217394396538,-0.38002425381418187,-0.2552116896204736,-0.2515595286187515,-0.015542228451175043,-0.14401391734377025,-0.43385158096007675
3,d+14,-0.28547790425637914,0.28041967778127164,-0.047477888862625724,-0.14689586678858704,-0.8809954321070024,-0.9220623641958008,-0.29423893100749526,,-0.3078983388993919,-0.9990372951361932,-0.5335053780612244,-0.4501519526440697,-0.07724439714470607,-0.998790049700141,-0.15141717114524855,-0.5588603481000417,0.43484831114776346,-0.20530275184360805,-0.2153350360815358,0.17278090234004267,-0.0030567883620635206,0.10245819288728628,-0.6453890277632052,0.3671319907919471,-0.38111627188838265,0.8516353569435225,0.17173550359963602,-0.24228305362655697,-0.5567278408936835,-0.3237694585443944,-0.5261527133793663,-0.373592116650909,-0.3119743518835903,-0.24437114398030793,-0.009062023759105208,-0.14011213370313963,-0.48748968563361383
3,d+22 ~ 28 평균,-0.30882576842296294,0.25049040539050743,-0.09331313641605826,-0.20563151662487647,-0.87466779548135,-0.9443900598656368,-0.3791803019324054,-0.40489147370973466,-0.3847453488429914,-0.9996643337876423,-0.5165229661892391,-0.543613305466822,-0.11307531962271582,-0.998331159203464,-0.11868312729162407,-0.5812211002351156,-0.005947551867060512,-0.13064723679924273,-0.2359578360393009,0.020496895479042276,-0.011568563088920585,0.23008297196353597,-0.6431322428650279,0.12274790089660252,-0.4592140190112874,0.4102280717418518,0.04969104436191624,-0.32722510061773735,-0.5845162851364262,-0.2986369040203152,-0.49819607837565777,-0.38792812197273224,-0.2822260342128537,-0.36606942890214167,0.013888215118294644,-0.23812646027683607,-0.46785056538824843
4,d+1,0.4694100781183213,0.008862696974049492,-0.30118780265032863,-0.173684819829724,-0.5846355559589448,-0.6244714587313436,-0.08569238445379046,-0.3751133774676037,-0.2981020361085083,-0.9996687742142728,-0.6677083577526584,-0.8127920573840124,0.15497979656965413,-0.998383600927936,-0.38069657483019964,-0.683401916657307,-0.009059609763861692,-0.49040371206715216,-0.9367092492492491,-0.07973884497880512,-0.3746808805407624,-0.6098785895329902,-0.28467430223530077,0.2711042774444927,-0.32819644872148807,-0.7296709856892309,-0.22968155902788362,-0.2966163346728111,-0.4098567898741842,-0.5453659164869633,-0.8879753439547019,0.13124006048208664,4.39210923998729,-0.01588479883535244,-0.7231145038349341,-0.37627218585259187,-0.6043268330667325
4,d+2,0.37739191540772804,-0.1244438251190554,-0.42189456790149,-0.30960446581693635,-0.5978017100573835,-0.622159918444415,-0.10096694183331435,,-0.2502107301291696,-0.9997388597100131,-0.6565775318147784,-0.8655109571165667,-0.02181166294546599,-0.9973812153314309,-0.41493676729294826,-0.5148551219025538,0.010786831046219789,-0.4214210054938521,-0.9449822502502503,-0.21387258214347926,-0.2992843310505021,-0.6370019914622387,-0.2952392648336596,0.1705521912811552,-0.2091771688962369,-0.7296275941773971,-0.3114765832420245,-0.3507122621326616,-0.4026095706858841,-0.5177021533717188,-0.8891539282589793,0.05011829019496259,4.917790382666534,-0.07284830172693349,-0.7243731621129771,-0.40022149903230525,-0.5930362643820514
4,d+3,,,,,,,-0.06115896349298162,-0.36466166976425757,,,,,,,,,,,,,,,,,,,,,,,,,,,,,
4,d+4,0.2372987127620098,-0.09386959181355287,-0.3031217955253188,-0.4162055986808899,-0.5923833454332702,-0.618022615080085,0.019369320337873527,-0.42319102538736764,-0.34342565471268277,-0.9997796319911131,-0.6546620710548742,-0.8406772363761011,-0.18988428415218916,-0.9976803678372038,-0.3776224646838593,-0.6540447823889026,-0.07059147711038007,-0.4557635642377573,-0.9360688488488488,-0.28932816761688,-0.3393721178058839,-0.7042711233507813,-0.28076953970081847,0.09908543022039598,-0.2122283348068296,-0.7720752175693953,-0.21874169998884274,-0.3373602245196904,-0.46129059906114717,-0.550857488442968,-0.8791530627194843,-0.10753441937718337,2.925977657299012,-0.29531147025297216,-0.719627748981248,-0.3377353319321298,-0.5937500648294409
4,d+5,0.34431463054815226,0.048775641855370915,-0.33914998263902535,-0.2550254519638679,-0.5922499474035751,-0.6180358643952807,-0.08421953525145832,-0.3400034726889757,-0.27585630131540206,-0.9996493801242777,-0.6411816099832951,-0.8308750526234319,0.02845852937164937,-0.9993153051490044,-0.40365749356159963,-0.5369577183507953,0.140607956125436,-0.46223126260711433,-0.9315992992992993,-0.21336834182876327,-0.24904660769729284,-0.6577309242242398,-0.3133272776439639,0.187181962974913,-0.2411572430069183,-0.7510409249017925,-0.14833300925042694,-0.2593011450837291,-0.38861399372460476,-0.5230289065285988,-0.8803408789513741,0.00979526297385886,3.0107876523656927,0.003914252947568844,-0.7170594886566178,-0.33879339957243587,-0.607212149400618
4,d+6,0.28678903001273826,-0.03323421922165291,-0.33160240094074706,-0.20125602133213633,-0.5812392186290025,-0.620611013950555,,-0.3989959238494425,-0.3082899248851028,-0.999823424141152,-0.6683761278912735,-0.829820599939754,0.10979388433102172,-0.998374108352945,-0.41387138428839654,-0.6247544179338781,-0.10762079609644469,-0.4445471387272017,-0.9371396356356357,-0.10423072721659592,-0.4421064957247262,-0.6426974384595422,-0.29112756231354575,0.14997406883642087,-0.23903393367075668,-0.7311925376163961,-0.1751019795358449,-0.3404627472126497,-0.45408895585175085,-0.5323115168593601,-0.8876833135914561,-0.08445191680192381,3.83835195583236,0.005552736254733949,-0.7223730132440787,-0.35537476153097325,-0.5939000250737261
4,d+7,0.2967173112587564,-0.035801782464115965,-0.35326788211410276,-0.30827698804776865,-0.5918245587336034,-0.6202660665407482,-0.07956555002485262,-0.3319861369204232,-0.2526940388756987,-0.9992279099500485,-0.6703439699889975,-0.8679266327439773,0.04023323657013571,-0.9981596284703161,-0.3957406220094121,-0.6038449389241117,-0.010003800151991715,-0.48277586684662116,-0.9214608608608609,-0.07543768733312059,-0.36003701485380024,-0.6698536610602147,-0.27667250567713936,0.13342211448624147,-0.2201108351335909,-0.7625128112844743,-0.15520058029812495,-0.32519483305643,-0.4294570947910485,-0.537410462557875,-0.8954768566399672,-0.45981849782171536,4.650886892123154,-0.002214917073025865,-0.7125023687594193,-0.35454355156395395,-0.5967138362885503
4,d+8,0.4622844044090617,-0.011389409720081007,-0.32829265240917493,-0.19045037845153082,-0.5930214766533268,-0.6216258705556494,-0.03300428043147606,-0.3194328757290983,-0.335260036467072,-0.9997466535394017,-0.6796732161662757,-0.8520877444131335,0.073494265037638,-0.9985426442073382,-0.38238525955996433,-0.6627079565685671,0.01162014416633203,-0.48300156758454926,-0.9288896096096096,-0.14663458394462478,-0.37440447804147126,-0.600754662833653,-0.3013898444405606,0.20544931495742733,-0.33076007160345033,-0.729609351544543,-0.26479981241018086,-0.30987573045025407,-0.40871906657594714,-0.5421113574668357,-0.8874253345965871,-0.06959974636377589,4.599837276455232,-0.0026364964983622836,-0.719586085582027,-0.40605671931613735,-0.5964655766528371
4,d+9,0.47223402569187334,-0.11731820690197933,-0.3932579664873532,-0.2973529692705162,-0.5988238570091753,-0.6192152395335846,-0.10353709760215234,,-0.2738660585709023,-0.9998727590057105,-0.656107109653259,-0.8939992818914917,0.04995852211865525,-0.9978148364347812,-0.3948801179787138,-0.590466133455154,0.004166211421786841,-0.4113265297495125,-0.9312175875875875,-0.1576304496813579,-0.29904311929895905,-0.6392247946084542,-0.29566895516036124,0.28602218958215875,-0.24499739319865163,-0.7354544671233406,-0.3131738958605655,-0.3524817159004537,-0.4429589984957265,-0.5074393964731312,-0.8867564406196281,0.015897448917333214,5.129522094508477,-0.061400331456964344,-0.7181989651563856,-0.403459134230191,-0.5916849459296791
4,d+10,,,,,,,-0.07359906508581306,-0.3518222506254008,,,,,,,,,,,,,,,,,,,,,,,,,,,,,
4,d+11,0.0281076480982461,-0.0708075718640335,-0.3449005584460873,-0.4314076226263687,-0.5879634760632344,-0.6195100554052773,-0.05752847154408289,-0.39016607284648314,-0.3586898042893027,-0.9999328078562975,-0.6817191277824627,-0.8661686361766591,-0.2506423872547767,-0.9980279149994633,-0.4248192270763691,-0.6891443609600448,-0.21934642644435648,-0.47220619751899406,-0.9446288208208209,-0.3221020134412414,-0.3476213394831067,-0.6976266577624217,-0.272078938657376,0.10952505285392727,-0.21557297481086016,-0.7974918888529349,-0.28406404559397885,-0.3380282404051151,-0.45478438196767895,-0.5450699018321821,-0.8786067084510771,-0.21655699524456729,3.876586640569912,-0.3011947124710174,-0.7196472268387455,-0.33536032862695975,-0.5992436578730856
4,d+12,0.39602442554019684,0.030680568584586378,-0.3447623942985446,-0.2737719265743865,-0.5927546455284098,-0.6163839799712341,-0.0737566864161599,-0.35746307469895044,-0.2740768786504427,-0.9994908522462252,-0.6546970932614612,-0.8015197405068181,0.051352593503136146,-0.9975076111316777,-0.4116975939592234,-0.6018590537330863,0.01728292583471534,-0.47373056501047245,-0.9478912912912912,-0.09867147774685243,-0.23932662910342434,-0.6522734545893416,-0.3023300774949716,0.14540419602539406,-0.22284008890351686,-0.7742545633364919,-0.20286598272294057,-0.27977864138459796,-0.414353140885724,-0.5169079972998912,-0.8813139241217093,-0.05229334240464801,3.0510968522527366,0.012572394774139965,-0.7194647420236036,-0.3491760119270048,-0.6144694580155494
4,d+13,0.5510397438427937,-0.009094774637124065,-0.3238638135212997,-0.2109208246839368,-0.586290806610912,-0.616900852132576,,-0.38130558277139814,-0.307813589564586,-0.9998155849196294,-0.6621748344049179,-0.8540362226891951,0.12088761772705317,-0.998184184113753,-0.38181303874743394,-0.5515814996273238,-0.05899716734155194,-0.43883641851336397,-0.9380487887887888,-0.11710721350573798,-0.43913084045366924,-0.6430669498866504,-0.2837610346204436,0.13691789648466515,-0.18802319413486876,-0.7231595888967536,-0.30588803859522123,-0.3156294709492193,-0.4051541895990942,-0.5342966781557194,-0.8845806071660918,0.22569399133301965,4.053979119287959,0.025427888210215653,-0.7192874542152824,-0.3443899936714845,-0.5930766878872821
4,d+14,0.24763120164444666,-0.007672071763646424,-0.30580324379490387,-0.29761040414519957,-0.5998613582784413,-0.6165478844210144,-0.07574763096508691,-0.31765788470209166,-0.259570871811063,-0.9989638796987614,-0.6617214429188861,-0.8481950675628174,-0.06338247574494293,-0.9984528269951037,-0.42555868829551313,-0.5333461107835498,-0.20048312691895429,-0.4610128131454774,-0.939251105105105,-0.036002055904278296,-0.33753859111027257,-0.6641922287846124,-0.2759727437371862,0.1271118741714624,-0.20653168294277824,-0.7437156352073894,-0.24587630853539275,-0.3012728434721185,-0.4095402855863626,-0.5430101818303446,-0.8968194426841544,-0.06076061605955081,3.6027847532077586,0.014924394852295004,-0.717504859039487,-0.3440350553647409,-0.6202588453845511
4,d+22 ~ 28 평균,0.30043526750640814,-0.1127966636904851,-0.4060562778342506,-0.3439023110773935,-0.5784722279785252,-0.6131596033378917,-0.051993884493980874,-0.40417447634474635,-0.38227191431506785,-0.9996387360341275,-0.650248386404484,-0.8830186928279461,-0.04812744280092991,-0.9978660400925798,-0.4009137704519025,-0.6495819956030131,-0.15934740302483738,-0.4175386397346109,-0.9445203606463607,-0.18405939101995933,-0.33903135577702853,-0.6316285183265118,-0.27156599614357346,-0.030204238288087024,-0.3464385175440618,-0.7563625039801024,-0.3388540276001876,-0.40724164296479926,-0.44763072827622424,-0.5260349016530242,-0.8865388219255914,-0.08502162521885251,3.719773301246585,-0.160161779247371,-0.7108916491429444,-0.4430321831717344,-0.6101971457327746
5,d+1,-0.3280754465853856,-0.06798845801268397,-0.05906520422635605,-0.41664904554377474,-0.30997737083427873,-0.3323679091857191,-0.49003739302468025,-0.2540838861009918,-0.2938144853438963,-0.9996800860422684,-0.7672750465061536,-0.8743809960363405,-0.37133583819810123,-0.9991223474871389,-0.2407795720653039,0.45220946914602034,-0.7180222877452782,-0.20171318816210426,-0.5791172054530086,-0.5030276954304248,-0.6465503114772934,0.0892142426291535,-0.6281386343659777,-0.654773805521155,-0.6485770044141514,-0.023807981067901277,-0.45902053078553645,-0.11710007252656617,-0.6198276052191809,-0.38215482227140496,-0.7485516818955968,-0.486615547064746,-0.7769041383497386,0.45836019998950317,-0.6179967887598701,-0.6178654663403024,-0.7141641844555613
5,d+2,-0.3592356599019208,-0.09418303151281973,-0.22584248107724603,-0.4882965374812657,-0.33149794519438097,-0.329839466936889,-0.4953680691997529,,-0.315773004582384,-0.9997477780194272,-0.7531849703391048,-0.861028778561673,-0.4481522089947766,-0.9985780844689072,-0.2949327606359469,0.20601313236929736,-0.7419468659947985,-0.16344540554049788,-0.5634009315919545,-0.5317033671012287,-0.6116151156442685,0.023526552567418337,-0.6382231797765353,-0.685469680839527,-0.7006750792212175,0.15005177026721783,-0.48515941919667305,-0.16613993024561224,-0.6143803896228748,-0.34492111480863774,-0.7433932071782264,-0.5122425157640875,-0.7804884707891362,0.39672246082394125,-0.6198448677681643,-0.625673202885342,-0.7042440301265788
5,d+3,,,,,,,-0.49760662149225277,-0.46029871756968993,,,,,,,,,,,,,,,,,,,,,,,,,,,,,
5,d+4,-0.42676112053146115,-0.1910266191909906,-0.03811582806121843,-0.5731129685760051,-0.3228556835508069,-0.3236869272538612,-0.5012771884329796,-0.3634837167652034,-0.36999924508738113,-0.9997871578695914,-0.7507502832002313,-0.8368898655968953,-0.583650007457722,-0.9987405146218057,-0.25513291606532623,0.1752350926508398,-0.7254246757257048,-0.17693249195789718,-0.5792895747553972,-0.5694788676106014,-0.6305180843922829,-0.11069248027078056,-0.631812995381568,-0.6887388043650968,-0.6781924990086534,0.12072370180955447,-0.5092916514288038,-0.15964778159869092,-0.6517217555665876,-0.3897116672279386,-0.7439999224625824,-0.59434163915313,-0.7755577206157975,0.37462947805248475,-0.6130205955796608,-0.620335013532546,-0.706421872752068
5,d+5,-0.38265846869013165,-0.02070860733956992,-0.06187356235887051,-0.4641780051225973,-0.3224961537605937,-0.3210118075022664,-0.5078359604620336,-0.3402032471016124,-0.3151566913273242,-0.9996613542878149,-0.7363352671047816,-0.8959461823999458,-0.45360630033717897,-0.9996282328003616,-0.27094258991738446,0.24891959700560512,-0.7626044951660506,-0.18757872625823951,-0.5547239564088984,-0.5164824780294037,-0.5846075617313696,0.01198389760826339,-0.6469180803494337,-0.7019642446642183,-0.7075969567624177,0.25146327475416963,-0.43964017665377686,-0.10569809199907126,-0.6076650330113054,-0.3517832948937678,-0.7613179464667531,-0.5765865843194469,-0.7718071482118901,0.45242632297307095,-0.6096350542654096,-0.6204212562979344,-0.7193146658098991
5,d+6,-0.4092464376907514,-0.10008971572186995,-0.06207881720012289,-0.42063224053021186,-0.3043764093052923,-0.3249753005971988,,-0.32973973010620783,-0.3205205811829017,-0.9998294544559087,-0.762519402427349,-0.846621715741639,-0.4126928658029629,-0.9991171933253739,-0.29013973261948317,0.2968844474965592,-0.7378513888585405,-0.16266251156464506,-0.553712371211131,-0.5200922336397419,-0.6858455373073565,0.05581481607074882,-0.6343475485335281,-0.6935101424870388,-0.6373099136476131,0.12739251924853373,-0.5003304069631274,-0.15664018353885611,-0.6471518144635731,-0.3650390510753277,-0.7515408762277207,-0.6239302671757688,-0.7761441940876028,0.47090787743050083,-0.6170990471037139,-0.6375537008282117,-0.7055901269247387
5,d+7,-0.40152935694118586,-0.11443479180743416,-0.10146104070034491,-0.5281014730832265,-0.32160613226600765,-0.326127956268207,-0.5034233055591596,-0.22035701246568237,-0.28728889099127425,-0.999254277914798,-0.7649283488011955,-0.8578871807847016,-0.4314784234581778,-0.9990007376733008,-0.2671644462003902,0.310238189981245,,-0.18896446108184647,-0.5545345384845217,-0.47076631951814757,-0.6471313514050824,-0.047023242113315024,-0.626595763236122,-0.6986633848044319,-0.6420414041008458,0.45063110997925093,-0.459939964827535,-0.12173963430636817,-0.6313424521937661,-0.37157392075439444,-0.7533446045947644,-0.6600193728476141,-0.7797067132481528,0.4117374827389231,-0.6031042283630295,-0.5872644303089695,-0.7086017357321217
5,d+8,-0.32767191397646905,-0.08141473524010417,-0.05447752081143771,-0.4302458707298149,-0.32375887411608617,-0.32767700808559075,,-0.3207002360792333,-0.32022356120225093,-0.9997553056785439,-0.7747409985259613,-0.8758837762135313,-0.4314234959230336,-0.999208702853356,-0.24684207898719165,0.47613855735695165,-0.7059860052821311,-0.19815349703085508,-0.5628839581906822,-0.5106556856370665,-0.6464049649658306,0.1146204793081641,-0.6381115048315781,-0.6885479084876267,-0.6063810764782708,0.4454532396674102,-0.503910134760245,-0.14617304075759083,-0.6204712715020084,-0.3777239913599772,-0.7499052670333696,-0.46112488530501805,-0.7740857729844368,0.43416922523815926,-0.6132573407620157,-0.6299616337821043,-0.7068317201716622
5,d+9,-0.3202700941595924,-0.0882903035338761,-0.11498948882886154,-0.481253869551181,-0.33346249677616746,-0.3250728774351211,-0.5011307873994931,,-0.320678865784157,-0.999877104465223,-0.7539893192661111,-0.84883232064878,-0.4158942043532121,-0.9988135267291524,-0.2650280962205596,0.31198129081495024,-0.7287951913229748,-0.16036972685184284,-0.5499188678731753,-0.5199657208109484,-0.6118866029605143,0.023786773233614958,-0.6360941215716925,-0.6884037222724148,-0.6898216886967201,0.14128327351625564,-0.5119775652428499,-0.18069889939446665,-0.6417928342057823,-0.33146752769997556,-0.7421336110046635,-0.6495541660345627,-0.7813925656194801,0.42653180204910496,-0.6113077368265736,-0.6285758164341766,-0.7042095631622669
5,d+10,,,,,,,-0.4982520922198176,-0.4695402330352572,,,,,,,,,,,,,,,,,,,,,,,,,,,,,
5,d+11,-0.5187485513355456,-0.17386630552940527,-0.13364983623963775,-0.5836712361553076,-0.3155046988497123,-0.3256944028619507,-0.49846110970002705,-0.0783885088333328,-0.37342273045779906,-0.9999351025628239,-0.7759676893917489,-0.8281362265967885,-0.6120537597320589,-0.99892922151082,-0.2996895662299956,0.08237886048454489,-0.7151459535677676,-0.1826722577069666,-0.5525357809086388,-0.5883568790323211,-0.634656441153696,-0.08446292024265468,-0.6220530793700698,-0.710738914738124,-0.6447245942665083,0.009386726512666305,-0.5409177974789796,-0.18499012303773338,-0.6473463734890749,-0.38218996591127335,-0.7401549609550494,-0.6490490869750363,-0.778878585232277,0.3995339327554251,-0.6131114051342842,-0.6086423470755137,-0.7117670657775507
5,d+12,-0.35238394972526466,-0.038094487313552625,-0.07739874038288765,-0.4746839014937898,-0.3234715146093488,-0.3184808204495032,,-0.3017786729462534,-0.306912736397175,-0.9995082403605062,-0.7500041110949905,-0.8898701823050245,-0.4402380027701804,-0.9986467133079229,-0.28365492371115775,0.2404021786274769,-0.7735712016403948,-0.18784693299829242,-0.5487392511880815,-0.500042118842013,-0.5794382115616908,0.01717134592005581,-0.6407749249124007,-0.7265238196479791,-0.7068416463584636,-0.15912090868340162,-0.50159655959168,-0.1225869603028306,-0.6227551908894216,-0.34383229250072583,-0.7585964737712797,-0.6420644172206184,-0.774728212012653,0.4695006431107572,-0.6131351855152362,-0.6260790570834489,-0.726833397536535
5,d+13,-0.28786107638962904,-0.08213987426869444,-0.04122969132633766,-0.42309236145800894,-0.31240774879122796,-0.3191706496628785,,-0.28543823646017724,-0.3165272680431743,-0.9998218829548635,-0.7630038910348401,-0.8329007720108864,-0.4056770867035946,-0.9990140705949411,-0.24662697857463325,0.20300801938791183,-0.7390565630082262,-0.15449556638464326,-0.5486880044426972,-0.4997743732209677,-0.6840836233132283,0.05459152559544367,-0.6318681033497792,-0.7129141701229319,-0.6480529317735698,0.21770899761129406,-0.5449519785395351,-0.15179807657870892,-0.6168994575404145,-0.3671721162549951,-0.7482082065943247,-0.5371366653703289,-0.7759526030893689,0.5121194291606185,-0.6129068318896777,-0.6272872318586055,-0.7043340924110345
5,d+14,-0.4175287757009923,-0.0890494420228439,0.007942548331028872,-0.520686273502542,-0.3352276242587481,-0.3215179580759367,-0.49045084489659246,-0.1838770921147448,-0.29005002629154775,-0.9989992646691817,-0.756577798194005,-0.8447709712255246,-0.49070540077098734,-0.9991599350067405,-0.301562554528233,0.2833877693363425,-0.765153614494717,-0.1705282444265582,-0.5247603139221082,-0.46316330067808675,-0.6350653450320308,-0.02974530467037403,-0.6256271791428888,-0.7037902785620918,-0.6612877284731251,0.3136813428180412,-0.5054817343895168,-0.10559933773263291,-0.6197275468864979,-0.3793423576351965,-0.7553187272596531,-0.5550557159015069,-0.7794907893993055,0.4528460596786485,-0.6104466598185736,-0.5777513150516523,-0.7328464529101206
5,d+22 ~ 28 평균,-0.40017928971761185,-0.16569466318261689,-0.15409032730254316,-0.5257894897524452,-0.29954571366643207,-0.31296749269215607,-0.49203121657500803,-0.3773825341047578,-0.4021724355650862,-0.9996510737083637,-0.7472212227413122,-0.8404492504125585,-0.4859279035217889,-0.9988413286622959,-0.27213803120181423,0.10288398709881906,-0.7807678579086643,-0.14175344517669647,-0.5176174937440133,-0.5650048195825732,-0.6315921211526059,0.06411814576062991,-0.6231589704960039,-0.7384639602301484,-0.7099314446124921,-0.10331395852488166,-0.5964039917156182,-0.24706452708919147,-0.6438725571622366,-0.3562644842912644,-0.7490683541614488,-0.5758582281037816,-0.7770590501026405,0.3370518181853963,-0.6013368189578716,-0.6623632692649047,-0.7224356171616064
6,d+1,-0.5177278416844064,-0.053507273537310336,-0.0033243723488086776,-0.362314618928852,-0.48511384403295627,-0.365399181350303,-0.16009050870286104,-0.4166568582583494,-0.2490538914565522,-0.9996551449003273,-0.6236854169646525,-0.24507242052774403,-0.17779145974610824,-0.9991190024587111,-0.340886675736964,-0.13922616901842183,-0.6410165584832422,-0.5248300601776849,-0.565014530522964,-0.1262105163162654,-0.5534608269960577,-0.047301363350232814,-0.6912825921052076,0.004739826696117441,0.2602301822712986,-0.29237146024917093,-0.25870782205741194,0.2953006109757164,0.3347982788234212,-0.5547023284515462,-0.8597432178713997,0.6979560026819116,-0.6853083570216448,0.16593395730735927,-0.4997169002563599,-0.47050230503711293,-0.48665894173042396
6,d+2,-0.6217143477083957,-0.3379933900095018,-0.0878725294792722,-0.2806092111239576,-0.5012531770054706,-0.36296112025518384,,,-0.27037503168196775,-0.9997281142815185,-0.5974033853103178,-0.2642846448740558,-0.37467024713192293,-0.9985726650713624,-0.387732057375651,-0.267730852719571,-0.6195542331593172,-0.46158058132893337,-0.620662374498739,-0.13355208204120975,-0.5031079212199007,-0.06361337228038977,-0.7008801484984871,0.020833290648632548,0.09278966079177682,-0.46661429384586056,-0.09947710874573876,0.3357911813673097,0.3433236701734644,-0.5277860074987065,-0.8603219010392004,0.6487500078397036,-0.6876500773343562,0.248497552826629,-0.5015749414020151,-0.3677509034106906,-0.47394960720097085
6,d+3,,,,,,,,-0.27212147127608527,,,,,,,,,,,,,,,,,,,,,,,,,,,,,
6,d+4,-0.5158542675513159,-0.09509357654321984,0.09080721734301393,-0.3243973007452361,-0.49472182043912566,-0.3574629107610972,,-0.2519149990340174,-0.25734360898798153,-0.9997705642647884,-0.5902444835355507,-0.08321842109013707,-0.31117224515894654,-0.998735714300115,-0.3414042874109472,-0.21939429521317405,-0.6609550172513325,-0.49187779264855563,-0.559209345123524,-0.08918924563063149,-0.5302067338786265,-0.17808460830852024,-0.6958551246045479,0.2613676672899539,0.5176015574845855,-0.20821395023168385,-0.072776577095995,0.2603713493031345,0.20462124189022157,-0.5601277107498056,-0.8515913648963614,0.9792760518992586,-0.6673164215638211,0.2062169626387859,-0.4942906956547623,-0.3767753898518136,-0.47329668097333377
6,d+5,-0.4096762884295773,-0.005870110875544886,0.12820540011863,-0.3122277420856346,-0.4944853123560161,-0.3545993136427604,,-0.20103080845253432,-0.24317914378459887,-0.9996349527802494,-0.5668976306628549,-0.36910684902952084,-0.12330224191843413,-0.9996268158707304,-0.36934177094579845,-0.24510122234171075,-0.516516936908258,-0.4978339045955447,-0.5217414490919413,0.09029916290497184,-0.4652465651325644,-0.11148396815031147,-0.7079096541255725,0.22610701184595972,0.4095678023994665,-0.1964877690472451,-0.11414396279377968,0.3753553287326676,0.39885689293069576,-0.5328162586583113,-0.8552156491746382,0.5353303861881469,-0.6666817057162905,0.22213932650210202,-0.4888764662074169,-0.37683744137180336,-0.4894549777275098
6,d+6,-0.5809730719431091,-0.0946724552301898,0.102824259126765,-0.24539655496747148,-0.48092499476891193,-0.3584262370949052,,-0.26248373684657333,-0.2530124490916952,-0.999816158378886,-0.6093752597932028,-0.08466063204145174,-0.25213340727256967,-0.9991138286527049,-0.38309625999753716,-0.20454935398854307,-0.594534448732677,-0.4866720776515888,-0.558848871335093,-0.11994279290751832,-0.6018474136908447,-0.12608602040427716,-0.6971988125566222,0.16638548708628376,0.13016998838116112,-0.3277266356002847,-0.14484091639574356,0.3003538514700008,0.22232495421729448,-0.5422263476276349,-0.8603736303825978,0.9692585966925144,-0.6871429215084278,0.314316543151565,-0.4976705815726311,-0.4118809991708287,-0.4740434988386298
6,d+7,-0.4676520805807685,-0.05107873085294437,0.07558221367139653,-0.2806855102515564,-0.49386336846430634,-0.3595684475999588,-0.1828252299605783,-0.2420206445004117,-0.21454518673096235,-0.9991961399063549,-0.6135094841267887,-0.07421488095484757,-0.2641432534206612,-0.9989969291490379,-0.3621467633313531,-0.1464748245149798,-0.566803290431484,-0.5220128718418261,-0.44119715884297833,0.058698067632973826,-0.5474830083225017,-0.1319196076394557,-0.6906999829226774,0.3539197101047897,0.21996202575996404,-0.19987475018140477,-0.14791197268786152,0.3394072919805371,0.2789042587360278,-0.5470246905812788,-0.8671600258427631,0.8896897502070353,-0.6929964378540145,0.3340933794642565,-0.48171021492587723,-0.3764864767550554,-0.47792295238874866
6,d+8,-0.497842782236714,-0.09143736059605527,0.053260438897184764,-0.3821664952677557,-0.49543187921645854,-0.36091313593189106,,-0.4175656057025327,-0.2852858523779728,-0.9997362288122299,-0.6318146204697933,-0.23595463364337269,-0.18489957010860236,-0.9992056869542256,-0.3344249828934729,-0.11831444979404836,-0.6398911398012694,-0.517074303217022,-0.49314672125908215,-0.042629913573285966,-0.5530765709035051,-0.02970212652217164,-0.699904443855524,0.23907338178842208,0.3407128417484801,-0.22066363290957317,-0.25053773945237984,0.2869204537265797,0.35181030405338504,-0.5515106677464712,-0.8594914714332873,0.8478644023793398,-0.681932910261336,0.20592005039472105,-0.4928868723802127,-0.4700531557056884,-0.47764017751366056
6,d+9,-0.6385251049770966,-0.325627394856776,0.05944500798438127,-0.2844589181039016,-0.5026577521304744,-0.35844004069629304,,,-0.2762897706960856,-0.9998675232797114,-0.6006455228163109,-0.20237823503131613,-0.3113981902173495,-0.998809004681119,-0.35742596663220433,-0.2760108506825348,-0.6065766876594968,-0.45120138037666563,-0.5402701140079633,-0.1354193620931587,-0.5027883111725286,-0.055856237651875064,-0.6984849013295661,0.13138622812436712,-0.21842392528553153,-0.3633162994558412,-0.17559174021960475,0.28936435292025414,0.2665818873908616,-0.5179789824829069,-0.8576801163809042,0.9745861067603266,-0.688691559003393,0.2715924131184353,-0.4905519605885911,-0.3968170550597846,-0.4716421123246037
6,d+10,,,,,,,-0.17466007448530455,-0.20923635590267226,,,,,,,,,,,,,,,,,,,,,,,,,,,,,
6,d+11,-0.4960756763150315,-0.05726934315692969,0.061361558623637937,-0.335446266699033,-0.48923854993649113,-0.35933901273993524,-0.17573914915570646,-0.30861966851721173,-0.25974086560907456,-0.9999300430268045,-0.6312398695939555,-0.03218675595406175,-0.4333532490105312,-0.9989251404144479,-0.39154800555031327,-0.2524847839945534,,-0.5091112009481104,-0.6100034047487858,-0.08727091894533114,-0.535793636230558,-0.14379558584183488,-0.6863537143002827,0.41535642547974194,0.20191121712368357,-0.3595833036986703,-0.11274560524432015,0.20254009772394685,0.21789362655406103,-0.5546295394823866,-0.8505525771992904,1.0853125376038824,-0.6762563021050376,0.22678540020404603,-0.49386302315944824,-0.3756573952668386,-0.47924085365976565
6,d+12,-0.47289615394713397,-0.04050031540584311,0.09239934027835156,-0.3093739822287092,-0.4951815556403162,-0.35231558031207016,,-0.2897679753992715,-0.22360753699301203,-0.9994699017801689,-0.5901539094281333,-0.34507606182497497,-0.11426312862619871,-0.998641555477928,-0.36814921860945476,-0.1306661979343846,-0.5344639019986305,-0.5097233985338216,-0.628314522438608,0.00022926207222592033,-0.45830612075083077,-0.10661996575577912,-0.7026958830846188,0.22337358723662618,0.26673572343763347,-0.08497286162270434,-0.10365244788125394,0.3523700900465756,0.32469532754045616,-0.5270033868958058,-0.8557909201166211,1.0683476423668858,-0.6724444235727061,0.3119982752805452,-0.4922325910404376,-0.3944200673514829,-0.4975770189861093
6,d+13,-0.47224479260644003,-0.06213710706133913,0.16149978551326244,-0.22105013241264726,-0.48700093347563916,-0.3530126621821537,,-0.1971815068911262,-0.23867873272508314,-0.9998079965882405,-0.6177922441406971,-0.015180942246214945,-0.19943747111981291,-0.9990103128869195,-0.35023267355783383,-0.176522498004261,-0.5675203056027295,-0.4810361280792732,-0.564837362321072,-0.058373846228661895,-0.5994023586029608,-0.13178359647485602,-0.6955006336228786,0.22502617902445635,0.08024380347443597,-0.30378809679688856,-0.21681618270122244,0.32192887430200146,0.3460795482582394,-0.5438903379444467,-0.8567200009622881,0.709425534248645,-0.6884878195307347,0.32455250381063816,-0.49182727396852444,-0.39382013435109064,-0.4735856607628962
6,d+14,-0.4817571351622443,-0.019957464479089373,0.20113406755560076,-0.2753435059727783,-0.5039653309814768,-0.35549743546457807,-0.16070431145726827,-0.2510854537711271,-0.1947432103005356,-0.9989212453101376,-0.6009230840885437,0.012949608059834647,-0.2787473400001792,-0.9991567332369712,-0.38946523808965666,-0.1303274227046582,-0.5686818707034396,-0.5012784335405195,-0.5600824856491481,0.08390235320036933,-0.5314481628019003,-0.11409804194680306,-0.6897344619115426,0.43672648308301537,0.18920010688624056,-0.10378786262376657,-0.13549492056383994,0.4007809044618064,0.3361725470041011,-0.5525880809805764,-0.8688005845857903,0.7604511046191963,-0.6888264107159575,0.3656300261440342,-0.48888333232294756,-0.3929075653632513,-0.5033214949614326
6,d+22 ~ 28 평균,-0.517315003842123,-0.16369285831441643,-0.017962303131330827,-0.3181228932977314,-0.477374295580794,-0.3470419865635475,-0.16454474134838326,-0.3469315489405462,-0.3336703210456072,-0.9996238707059427,-0.5879264445243754,-0.07096307034489485,-0.30914320903197523,-0.9988369125767652,-0.367488689197557,-0.29665882685570333,-0.60638655312371,-0.4581706694147678,-0.608595959023963,-0.13539252875107594,-0.5301694033171627,-0.05582217298812823,-0.6876380634542222,0.02169062772147028,0.16879348673627736,-0.19549762499971085,-0.3007879786754777,0.1820859366851212,0.24627685123290272,-0.5359571471909149,-0.8588339831810365,0.7579444462588599,-0.6791910332567194,0.09735197927010031,-0.4767113738830118,-0.4686880945758635,-0.49244005893446763
7,d+1,0.26049384253335023,-0.04192903736927652,0.07866646879231648,-0.43799125201491507,-0.7617160577729437,-0.541019892179727,,-0.49883612401448796,-0.038391420680403875,-0.9997241647251123,-0.850668007926065,-0.670790183007584,-0.07795427303349506,-0.9991972264744073,0.14884954781854912,-0.2979442068226922,-0.1816115951016818,-1.052970486511817,-0.434367231203723,0.23345112340047877,-0.3659416476714407,-0.7386791621231293,-0.7406342954303344,1.6607564891136566,-0.6216859344723631,-0.4716013143339655,-0.01135921528393557,-0.032184063478954056,-0.28637919442492316,-0.6705848103397015,-0.9169239868548623,-0.05043926675750863,-0.4208803303781562,-0.21766634271477303,-0.7451372711287095,-0.1479458833758035,-0.5784140431432849
7,d+2,0.3816254870359014,0.07674357013124639,0.0034571834209356955,-0.48775673895270355,-0.7694945080967934,-0.5427734256892423,-0.02361932541236896,,-0.1619474467147155,-0.999782529903236,-0.7624416805200945,-0.4078045898826325,-0.2716438261976489,-0.9986993985349975,0.12402168999864042,-0.21146846878225845,-0.1394091549260381,-2.1461809352345704,-0.42531747615660354,-0.057580986032389765,-0.3488251163041295,-0.7415429696484532,-0.7481400143524054,1.0426125731733884,-0.6904174781326922,-0.49112917761548464,-0.12442244334303783,-0.08279927910951325,-0.2741242265072887,-0.6502368120992464,1.3735630576190436,0.06020175195412942,-0.40825918475928674,-0.2958756167472734,-0.7472227227822289,-0.24365113441830336,-0.5627328438761716
7,d+3,,,,,,,,-0.43475568928393216,,,,,,,,,,,,,,,,,,,,,,,,,,,,,
7,d+4,0.020448331941085984,-0.369642295980028,-0.23128284896982504,-0.5606652706420938,-0.7661560446227649,-0.4890975780277375,-0.03983442181311751,-0.4834902808216795,-0.15707174692877926,-0.9998164838822124,-0.7522195835945263,-0.4551292806792313,-0.662405945073343,-0.9988479705775701,0.17021562309791657,-0.29267581983028723,-0.25905565900835525,7.794702911928202,-0.4250632564882837,-0.13933530613528045,-0.3636322870187001,-0.7728595216409234,-0.7437833112693648,0.537131474788204,-0.6455980477401159,-0.6372504255888929,0.024027273148884126,-0.04607926496892338,-0.3371420645301749,-0.6744849991921118,1.0118239188668465,-0.05487341484908122,-0.39019913676355805,-0.3303878512006113,-0.7402516988135557,-0.29316490954395813,-0.5669888467378023
7,d+5,-0.058340235077692044,-0.04022847889745609,-0.1092495840967802,-0.50982715603925,-0.7661679685972028,-0.5400440466336183,-0.04948965922444186,-0.2793699739709648,-0.2942469564847282,-0.9997080138866947,-0.6748757726871142,-0.4053390625278594,-0.22502718932566482,-0.999659950992927,0.12619590047622678,-0.2627574724663621,-0.4557378558723444,7.371299355417875,-0.43209717121895197,-0.08672956053118334,-0.322021300200352,-0.7741980130260387,-0.7541317659883953,0.9880173873376951,-0.6689395589965614,-0.45950418207334176,0.11591906684079059,0.014110712738138442,-0.2703342433438568,-0.6544132225994291,-0.8332769550175325,0.06725618670749403,-0.3937794680706457,-0.3294985350147148,-0.7394153930447889,-0.3085778546076137,-0.5878352853846558
7,d+6,-0.1418137490946536,-0.15358085955003603,-0.034975040175200756,-0.46562269525683625,-0.75974126639819,-0.49242241042432866,,-0.4548963323981896,-0.18481267581697985,-0.999852952720885,-0.7889739048686468,-0.6267318627711441,-0.1223372751586429,-0.9991925120520694,0.1026808351812406,-0.42100408538973505,-0.4110669805914941,-12.545106139316928,-0.38161052263564177,-0.006602084734432427,-0.43190143655209995,-0.7662432440294152,-0.7452582107470637,0.9842769892046241,-0.599779788395957,-0.5729400721926992,0.043811224687346204,-0.23795287636720241,-0.3319288416376779,-0.6606005899227835,0.5742664079868101,-0.15334212454482526,-0.4471399654589468,-0.33949012158987985,-0.7457756342852294,-0.3340784019411586,-0.5680824410082571
7,d+7,-0.07316490472168555,-0.08539240244733565,0.008961736565857399,-0.472343268470665,-0.7660414140410389,-0.5359355181967277,-0.04054947338642987,-0.29324396060421865,-0.16116118810826185,-0.9993570256895945,-0.8044960835895886,-0.4837299317457219,-0.09661232129317655,-0.99908599208771,0.1331893068366047,-0.15904360825378966,-0.3709794145348478,0.12881109473157903,-0.3448597598939749,-0.12815990677525477,-0.42069649277476,-0.7664672869596252,-0.7398271024187432,0.6858586823756999,-0.5643354951567144,-0.5857290784454223,-0.13769970218383576,-0.1378343319702753,-0.3036306370315472,-0.6646267871042032,-2.4235254650844094,0.1258942748915178,-0.46698803439771897,-0.1742671057111689,-0.7330105457655219,-0.4466173762709691,-0.5697292208733027
7,d+8,0.07801832704700863,-0.03697098927932138,0.0688325980039355,-0.45039758373868244,-0.7666227171462084,-0.5229143034236318,-0.013659982591286918,-0.38111531520002606,-0.09328900959327771,-0.9997890203794142,-0.8506272581673484,-0.5543302702877789,-0.0582096986243402,-0.9992762142295565,0.14558050359103958,0.047897691763693136,-0.24747487461034479,4.171837521072814,-0.36234654870599814,0.21929283005620331,-0.365380486941235,-0.7345141207027805,-0.7477220408931251,1.0821375126894197,-0.4524292865239187,-0.4307324799653494,0.09229861378696652,0.1019503546428644,-0.29353751814482837,-0.6682332702459539,-0.5347223476429264,0.35875831509390366,-0.4073584898009529,-0.22664833060417816,-0.7429284500978893,-0.21136121997692547,-0.5679727936423213
7,d+9,0.2745455741921301,0.09477881442906849,-0.1897749028829614,-0.480766382865281,-0.7699101016220349,-0.5557957455749273,,,-0.18994390597613686,-0.9998940373722421,-0.77441813387786,-0.465728419832247,-0.15407799221849544,-0.9989147534853461,0.14111118889969476,-0.05508432327291038,-0.11358273141833881,3.4933164449021006,-0.45039124612690035,0.06287887536169073,-0.35263058052795376,-0.7407236980161994,-0.7464132751001386,1.298173758824456,-0.694157188084688,-0.41793158498998384,-0.03344638994376606,0.01428142418787562,-0.3300896902711029,-0.6423860334760811,0.3547579998799335,0.2558797394624817,-0.4049471508941563,-0.2898589840355567,-0.7413096734348011,-0.19262985824235473,-0.563451177501246
7,d+10,,,,,,,-0.030938616877747294,-0.6763843505902667,,,,,,,,,,,,,,,,,,,,,,,,,,,,,
7,d+11,-0.06069939891936926,-0.3551376793198839,-0.25715008124917865,-0.5652730824637732,-0.7636259592861083,-0.5147705419749504,,-0.4090754506468543,-0.22834549443577337,-0.9999440443219486,-0.853994573164651,-0.5622731466259457,-0.5632543783277167,-0.9990205774947472,0.10482556555361729,-0.2616981945214995,-0.19393533449012085,11.176358439899518,-0.45393659970395445,-0.0008015399136588297,-0.36645569430339064,-0.764686541435191,-0.7364372436697264,0.7287856524168712,-0.7462316721555963,-0.5734360461101367,0.08212280946469987,-0.009548678834608242,-0.33030545882171314,-0.6700027080886172,-0.3020365545159403,0.12351128579339814,-0.4033237469134781,-0.3126250648409218,-0.7410635711516218,-0.3589848825358408,-0.5755869089405026
7,d+12,-0.08674533970450418,-0.08551893941997346,0.020808855792891268,-0.5145564180504643,-0.7663697119374572,-0.5207485784833478,-0.01800275014144584,-0.4129118074731114,-0.3060313814720668,-0.9995759964451059,-0.7386712231362523,-0.3377861105594985,-0.2952438032084431,-0.9987621721432839,0.12480000273339847,-0.22353901144703398,-0.3722564480595075,-0.0726118989638691,-0.458576752697804,0.020063091148060992,-0.3143236879706186,-0.769316626574622,-0.7498032264543308,0.821239715262445,-0.5980124429562759,-0.3286445773748949,0.047597032372081634,-0.10308645577596935,-0.2908560367259108,-0.6496694910607483,-1.2000197586256474,0.006858286361915022,-0.4076026863716076,-0.34379050692790397,-0.7435044744145752,-0.3045193339556372,-0.5986390245247761
7,d+13,-0.1735769720933462,-0.13970855176531813,-0.20799782202794392,-0.459478240319322,-0.7628703433848775,-0.5324094930490559,,-0.3528731187195738,-0.296374155607185,-0.999846424443448,-0.8404711521037286,-0.6513481573807711,-0.036356137327159865,-0.9990981874797983,0.14623988371250465,-0.36014262402040503,-0.3594207535019498,4.260261003770397,-0.42939214692764616,-0.33081829141758207,-0.4265863196047527,-0.7669655780414791,-0.7436676011026714,1.0205905238443824,-0.5768275163230371,-0.5026826879449479,0.05298027825354941,-0.2844402405286862,-0.279459171272264,-0.6625136649528954,-0.9389409471888713,-0.10707926924540818,-0.4575749417380146,-0.32553277611925163,-0.7435047926502862,-0.3819196489355091,-0.5653589056809628
7,d+14,-0.10765408596452668,-0.06249590981820516,-0.22295910032261496,-0.4668915973989802,-0.7704786495241546,-0.544634762153576,,-0.29702556877487085,-0.08905408289506313,-0.9991371489164665,-0.7655663704612892,-0.35852420476097796,-0.17507756792075346,-0.9992316071264156,0.0934108392940673,-0.2667884688993895,-0.35028908541477166,4.842778878075119,-0.4042646527023202,-0.021113389531676886,-0.40423709530076823,-0.761728142083109,-0.7390893771794969,0.4545481949844266,-0.5621477378321844,-0.5865676524458965,-0.029329731181648378,-0.1628814412184423,-0.28471863378150924,-0.668550987885631,-0.6021826903667549,0.010107625305065862,-0.4607492468012147,-0.15988608779222852,-0.7415365401372264,-0.42015326760208493,-0.6059096707055702
7,d+22 ~ 28 평균,-0.08483263614493482,-0.1454637280937627,-0.17889291487756762,-0.5062579056457268,-0.7583039159759594,-0.5232573152510362,-0.01906616305746749,-0.4761743479593381,-0.2753146124279844,-0.9996991497956154,-0.7369156174748691,-0.39460243570363407,-0.33898516740040374,-0.9989401834312083,0.12463578655771879,-0.30921273927167386,-0.35032807484596956,-1.44625503713131,-0.4766243927279192,-0.2585270288147812,-0.3709194361801558,-0.7448763477312614,-0.7373496295459451,0.8372679212215791,-0.6203453869636698,-0.46140250199913396,-0.13856796128075416,-0.31454639734609363,-0.33003854189358744,-0.6562583867919602,-1.4718334391769385,-0.011853454296412679,-0.4080017336631501,-0.26984556113750785,-0.7357657800378228,-0.32027384899738925,-0.5908367581813294
8,d+1,-0.26530043097269995,-0.0989054139935865,0.1484699302740308,0.022383240817251487,-0.8335811102354682,-0.6157278337183676,,-0.4515629064533363,0.18584415922227074,-0.9997785272315012,-0.6486548398352426,0.18431840104435016,0.262035864405428,-0.9992382567462003,-0.21523446126891987,-0.425910773680304,-0.23318598583988642,1.4319976824008784,-0.8975129772009968,0.012174851863207962,-0.13538053276565964,-0.6895934392486598,-0.8898005783877994,-0.11959696975223243,-0.6249745882172696,-0.2589839018023005,-0.09697936730869923,0.35606971466364035,-0.20466773605125954,-0.5463742485403148,-0.835455490315541,0.20638250560056964,-0.6072932763213329,0.2793065508071994,-0.5030284692669118,-0.327200357252332,-0.7635117058171947
8,d+2,-0.2615040365796668,-0.17528108792198255,0.08017680763396946,-0.16329422480043027,-0.8391181050145674,-0.6110308577984589,,,-0.004961326691498309,-0.9998253896119138,-0.5995090283606802,0.08212199521399809,-0.053908143536204274,-0.9987658731133213,-0.24406036267287373,-0.48612987649283235,-0.3791951142347712,-0.3372488612206188,-0.7282557744315924,-0.10146425751735391,-0.26351373997028643,-0.6962452320317231,-0.8932743426937616,-0.15869578042076596,-0.6256720647993694,-0.3968864924966127,-0.0029411607630845265,0.3320346935916707,-0.19809292604373696,-0.5189130950919961,-0.8361449025451473,0.2479101284247963,-0.6220858772467437,0.29346038736956537,-0.5051206575124164,-0.3141477205630294,-0.7363760239025889
8,d+3,,,,,,,,-0.468235123269336,,,,,,,,,,,,,,,,,,,,,,,,,,,,,
8,d+4,-0.24706540953599776,-0.334874647165477,0.19978252786201792,-0.19129056892007146,-0.8366798505110451,-0.6116536200858141,-0.9456511811811812,-0.4254533563260217,0.13501260167669815,-0.999852651831108,-0.5909986148424402,0.09532513543386902,0.08459343148192995,-0.9989068515431337,-0.1931168812869911,-0.5056237900672087,-0.31213076870846,3.8899310868751664,0.10742330856291986,-0.07481074608836506,-0.18396284197143825,-0.7008914534677443,-0.8914921968658552,-0.13168701634636754,-0.6196001652939295,-0.24475925430331036,-0.03812325796123605,0.299528309314227,-0.28011774104722226,-0.5518903268588939,-0.8303552956273468,0.31847622126802055,-0.628017920251324,0.29532022634941496,-0.497171853814384,-0.30403833925394114,-0.7197556873382508
8,d+5,-0.22224422014337983,-0.11194801366451838,0.1643148012266323,-0.025799586774979125,-0.8367291789358299,-0.6089516347641897,,-0.41725482343280657,0.1172547491825598,-0.999765559452455,-0.5470902899747108,0.1796829313935902,0.24239899997665795,-0.9996773311166336,-0.24006367205580859,-0.3287599252846469,-0.37098820586244574,1.9024281346965268,-1.131291247454971,-0.046454836842192974,-0.11009584989225914,-0.7040833331672491,-0.8957762116801631,-0.16821085561079277,-0.5994731493488867,-0.32536659054569017,-0.0700247811117715,0.3741914528861828,-0.16929442521590868,-0.524080657900154,-0.8363680843821161,0.273961168660044,-0.6313500379105725,0.32343583810142396,-0.4922146325972014,-0.28477794305065074,-0.7543928711205214
8,d+6,-0.30619330591599503,-0.13200630642789493,0.17786772992575003,0.025526132265538765,-0.8321896742236018,-0.6133148506986991,,-0.4839542599600029,0.2524342302953878,-0.9998819332733311,-0.6182607044225712,0.17062413359202208,0.09743350016497393,-0.9992337832810235,-0.23341709361669552,-0.463482673140106,-0.34913493533468054,-6.360917110071829,-0.2182937950176863,-0.12361593496112974,-0.314308304064418,-0.6754098966361005,-0.8919421529711803,-0.23251161954366956,-0.6479390071785264,-0.4206438422272337,-0.16173416050257114,0.3228859453082735,-0.2695584388651376,-0.5335932335735813,-0.8384581698251642,0.30617724397568125,-0.6432413212814007,0.31050003660770636,-0.5013663268855707,-0.32001425393430294,-0.8040848402841334
8,d+7,-0.24823364466221606,-0.11309051526298089,0.1773726428001359,-0.10538637307874864,-0.83669524549329,-0.6120083385839714,-0.9456884501167835,-0.41814627074624,0.18575723846744735,-0.999483745142252,-0.6266553881119084,0.16708719366784475,0.15907859069730784,-0.99913270762063,-0.2313666382900718,-0.38587362831936356,-0.2679647341473014,-2.586099998792705,0.012561196853955046,0.01664770121689743,-0.35164235310689057,-0.713784756633423,-0.8896198673039182,-0.15146177903230068,-0.6259417966726574,-0.4057255321376775,-0.18758498425563644,0.35783958229151,-0.23590318624549952,-0.5385265716957959,-0.8418509417450473,0.2638421878064986,-0.6392361537006892,0.302188572471241,-0.48449534070901934,-0.29239347456917153,-0.7556559395233982
8,d+8,-0.23909799972825185,-0.11243348006029327,0.13173961754260624,0.0006046751173001254,-0.8370524295982459,-0.6119912080309816,,-0.37251089824495737,0.14866897195578202,-0.9998306009240951,-0.655873172345358,0.18190837624074743,0.22673100922767941,-0.9993132073863241,-0.20596735394250992,-0.3518584058672305,-0.25400866500037605,2.283778779497056,-1.3733351599862924,-0.004714386940460259,-0.13443023546851013,-0.6838603909379232,-0.8928915899131874,-0.17137437052706658,-0.6222818414648486,-0.38430802750027493,-0.1262189001963128,0.3402475489405838,-0.19706800090920626,-0.5431238012587756,-0.8357045081595004,0.20800926975887968,-0.5997122660959566,0.2824312759767437,-0.49651788633730437,-0.3474553395966433,-0.8180524052849807
8,d+9,-0.26845407626920237,-0.1751002278921841,0.12340241804258557,-0.15019292476885288,-0.839329187001017,-0.6076625823030654,,,-0.003174083601282623,-0.9999149208289747,-0.6056076213034107,0.10910197517346873,0.005439593048412736,-0.9989702211334921,-0.2237266237596791,-0.47289856701652033,-0.4380518485493737,5.1387192221961495,-0.8344471625918267,-0.029258471537563224,-0.2651498781023885,-0.6945406447072929,-0.8923948337737428,-0.2039990388696072,-0.6158270934997452,-0.3444039000275182,-0.08842580895030833,0.2875490687402971,-0.24650787886587525,-0.5088660349186398,-0.8325928282866026,0.2608044697542642,-0.6281334581705271,0.31427385677656633,-0.4941044614179653,-0.32613549045066553,-0.7224343185817496
8,d+10,,,,,,,-0.9451585335335335,-0.4557351867708588,,,,,,,,,,,,,,,,,,,,,,,,,,,,,
8,d+11,-0.29388466280062914,-0.32057499969236997,0.19025135213991753,-0.21243185060551928,-0.8349153774460614,-0.6134388003824147,-0.945220887554221,-0.4333111578216338,0.1191020634026696,-0.9999550722476074,-0.657039994837439,0.13859516720981965,-0.12274398314655374,-0.9990706364096336,-0.2564064917664618,-0.4194266822758612,-0.3444184744455059,6.645734114998256,0.042789768752609945,-0.13977876083739219,-0.18934292876513592,-0.689944350744658,-0.8880459901081055,-0.18062276778429232,-0.5996111822305096,-0.306052166172805,-0.09630221542011538,0.26400973479589523,-0.2717721767344002,-0.5462499181346204,-0.8289288211794674,0.31192292395863797,-0.6386759626565693,0.3015820009793811,-0.4969762824859207,-0.3197647250358046,-0.8128863168392766
8,d+12,-0.2568849466748626,-0.1317508888889601,0.15174260848881205,-0.04830897264006798,-0.8368293928695154,-0.6089323217544994,,-0.43477917117654963,0.1115978818163847,-0.9996595604344153,-0.5862591803812179,0.18331468901906986,0.21293079437702409,-0.9988254383220687,-0.24172409686179266,-0.32216591101805925,-0.3759875841210325,-1.537733780941637,-0.3993048886826581,0.027194743215336763,-0.10037515382033878,-0.7032662469635589,-0.8939106751386631,-0.18846037236474822,-0.6229816639321177,-0.2763706102829122,-0.0837225712617946,0.37091022548700425,-0.21079685111908025,-0.5181169340772143,-0.8367383888914633,0.24365813267013658,-0.6362628072231868,0.3078840412314513,-0.49607238186733255,-0.2984288734185828,-0.7138129218328383
8,d+13,-0.27647925308429505,-0.12411405021948411,0.20752472454646675,0.017626286866081385,-0.8344822076362601,-0.610497732125585,-0.9451737504170837,-0.4296354736987492,0.23794224335738318,-0.9998766916098849,-0.640410512102856,0.14764497755154873,0.0911731966477257,-0.9991442796983762,-0.20394879474252953,-0.33209176868398826,-0.4065836044978947,4.760807162174069,-0.4453224691420907,-0.06146906029340366,-0.31098213283825993,-0.674393548701696,-0.8913500324284225,-0.24067401277799017,-0.6420913243828409,-0.309232026200528,-0.11456509429916614,0.3303663392317558,-0.19821656979848445,-0.535353126746034,-0.8334345327081555,0.30851883747234843,-0.652588549198851,0.3214935392669618,-0.49571520821320597,-0.3208420991222763,-0.7325061693207181
8,d+14,-0.31803933383765315,-0.09648623460734226,0.24119416403757932,-0.08620301563004303,-0.8397139296629567,-0.6113169328370627,-0.9442108775442108,-0.39565182248920433,0.18905653330724206,-0.9993072023933486,-0.6036976688324562,0.20341231564413206,0.1836912674389804,-0.9992708801809469,-0.26832808731780095,-0.37996920480541657,-0.338681801328785,1.2633158725905516,0.03392979350237699,0.06138997282187749,-0.3268747168568524,-0.7078288433495848,-0.8892689210133278,-0.16714405034120478,-0.6207211590002909,-0.3710530737002416,-0.19929404365473916,0.3948252395174685,-0.20412706764471314,-0.5441758314849343,-0.8440877534533678,0.06515320836150551,-0.6279812105954574,0.31267353349431976,-0.4926814710840451,-0.3060425888108168,-0.7106170640142436
8,d+22 ~ 28 평균,-0.3310676286942793,-0.23526760423554388,0.04765041479454157,-0.15914399775584195,-0.8312553677515021,-0.6048797891713893,-0.9444884539301206,-0.48651316771851216,-0.0028083983718529743,-0.9997584423250594,-0.5834780688895053,0.02555206893326583,0.056926641452851603,-0.9989943513384472,-0.2320940595698979,-0.4758958907120365,-0.4948756257854538,-1.4102693726537248,-0.44746128026325027,-0.13485018920965025,-0.21884120892938033,-0.6799166190072425,-0.8885187404974745,-0.31323549615819185,-0.6773566410796237,-0.33814424884129746,-0.22260638668489843,0.1865736629730808,-0.2568900593518914,-0.5272348574434366,-0.8361888726041892,0.10355901467787007,-0.6250502515985231,0.1616051519054756,-0.48068808248875,-0.40314188598131345,-0.7528881131633182
9,d+1,-0.4675377949204512,-0.23481076882963964,0.08818811111980181,-0.22696713033595106,-0.8430049746102666,-0.6734740600010172,-0.5580073989511791,,-0.09861873427364413,-0.9997620229695287,-0.5295733232995778,-0.21470414349943676,0.13773850133959625,-0.9990716962649606,-0.04963413267699428,-0.28500870956527613,-0.04722234825004052,3.5985751164961055,-1.1429334943497989,-0.027129678903921213,0.2884154598592482,-0.5589157316526273,-0.7098263367081731,-0.029097077327668884,-0.018810068381644396,0.3572343452681432,-0.6220953259356312,-0.16863909461465726,-0.6564609662088413,-0.6629692160296008,-0.9134930074961023,-0.3495440002366284,-0.2173167126432564,-0.33041333705305687,-0.015793264113445036,-0.09766556035881836,-0.5626737669009741
9,d+2,-0.5042786825092013,-0.2244609389623783,-0.09499548182649308,-0.3457817619952279,-0.8481564634889963,-0.675774299255731,,,-0.09923047109059592,-0.9998123775580725,-0.48417502770064524,-0.31792541091282894,-0.2061501463888814,-0.9984960226523811,-0.09064340556819492,-0.13143958260808056,-0.0399633508118988,1.6475283310297528,-0.8282507027184245,-0.12389220066118228,0.263276021692272,-0.5868431879030783,-0.7168565792227206,0.12619271681432995,0.07920576532251963,-0.043253726973275286,-0.5451706066883739,-0.19328839387041385,-0.651713317365474,-0.6424921277010162,-0.9138352394365299,-0.5618810737093337,-0.19285923124847096,-0.32944458112774894,-0.023274373186787305,-0.08799395816540478,-0.5479918581664199
9,d+3,,,,,,,-0.5612198241482959,,,,,,,,,,,,,,,,,,,,,,,,,,,,,,
9,d+4,-0.3779647400507168,-0.30261703566279496,0.10333405836959218,-0.43004644422893723,-0.8459297546234577,-0.6739901031493866,-0.5602713298729283,,-0.1430394937299406,-0.999841671371537,-0.48320365007952987,-0.17731309619893731,-0.1272320256343138,-0.9986678270002398,-0.10040176641339493,-0.4627619703382567,-0.13280946310729005,6.209298690729068,-0.72877692566587,-0.05961807952289728,0.2725386415430005,-0.6293122824566401,-0.7116514095604775,0.019344265686875483,0.04247404551330682,0.27680676366496426,-0.5875998770696987,-0.15698170403463385,-0.6853380068069783,-0.667048218578652,-0.9090782314993467,-0.42962873302139526,-0.2087048717585904,-0.2863646846459473,0.0018347766409364497,-0.05623244307022069,-0.5508314404986658
9,d+5,-0.40929981627506495,-0.17030756364496888,0.07770579627940948,-0.2519586836468751,-0.8459480354147786,-0.6681282386812485,-0.5715954003801346,,-0.17354410835125084,-0.9997480888250732,-0.43328814811634253,-0.2340253498236423,-0.13897860389351557,-0.9996067773122822,-0.05608181676543649,-0.10721801554337794,-0.009626679121301478,8.21761949240714,-0.6051520307153513,0.0729290821776713,0.3792034148744134,-0.5906602567323919,-0.7237708434830665,0.007055514176986649,0.002910834907122789,0.2613276902708693,-0.6213900034817925,-0.1094697918490417,-0.6452353459900378,-0.6464089479251435,-0.9115732455555376,-0.41605577026152124,-0.20078898965822065,-0.3063896131769224,0.006155581971288016,-0.033560852353451666,-0.5698050248288112
9,d+6,-0.5413423119310103,-0.28720990648211786,-0.004899221197922625,-0.24783420187833452,-0.8417007786847815,-0.6685354044868222,-0.5736093006255734,,-0.06290491192730968,-0.9998731348815452,-0.5155312753405106,-0.2614427651961542,-0.06116857651239069,-0.9990662446453875,-0.13253579463220747,-0.29019679750863797,-0.2361132246254176,-11.399775105206524,-0.8680111166483029,0.05286667080633602,0.11095650490790289,-0.5574061338056578,-0.7141498934284906,-0.03829597424275471,0.036316219921056096,-0.0308917125176914,-0.6421252494155418,-0.21835848192018972,-0.6813131580512748,-0.6533448046456745,-0.9141842861510211,-0.49679045440370484,-0.2198650924416643,-0.3073740228887576,-0.017251912889612503,-0.10132497878433419,-0.5485395088196411
9,d+7,-0.47669633001656314,-0.2730202644322661,-0.04236785610079002,-0.3877942954699235,-0.8458785127004558,-0.6730210385870102,-0.5648326241391687,,-0.05895509357954834,-0.9994452735708952,-0.524433634121627,-0.2620725563117478,0.1377676536545498,-0.9989430680860982,-0.06987159509259017,-0.29332635743019614,-0.2271745754335856,-3.1747904639377977,-0.7268575734411737,-0.025243537583762198,0.11449681207593022,-0.6144858295667098,-0.7081443178785122,0.046065507277626205,0.054419303195325126,0.1000868330238668,-0.5985628853143002,-0.14451324073653787,-0.6670603440597149,-0.6570912430887743,-0.9177422245700235,-0.5476662509039292,-0.21510534155609348,-0.3222825824468945,0.029397889080902257,-0.0865395593711653,-0.554405713610141
9,d+8,-0.4250617681884735,-0.2395984002072574,0.09755936330727231,-0.2421387218601764,-0.8462490894088185,-0.6721912920542158,-0.5530363187033288,,-0.12253423492647209,-0.9998179772198555,-0.5512306602552295,-0.23129592011642322,0.06334390365022112,-0.999163035385883,-0.06195558183563113,-0.15574293154993646,-0.1571431787430488,4.794856045352988,-0.853491758402648,-0.006492791017571754,0.290112738838909,-0.5486111357447547,-0.7173739754889323,0.011887825645900942,-0.012420347522367729,0.34308536093161957,-0.6673046298879238,-0.15877940989500355,-0.6568230064426467,-0.6605558535861205,-0.9134140062255997,-0.4510062223725146,-0.20390724827066747,-0.330991886772387,-0.006641505122580845,-0.1207701753717312,-0.551261843320069
9,d+9,-0.4787181238954776,-0.20712166642628643,0.02332630768457473,-0.3360975717690426,-0.8484101222959145,-0.6743818972729254,,,-0.10075930161679315,-0.9999085806864078,-0.48512775665173774,-0.2849524977815144,-0.09361315956813109,-0.9987450527940019,-0.06920082251083554,-0.16649504349205516,-0.03500490232632334,12.011076306935143,-0.938490884267143,-0.1335798094258191,0.2582925765259251,-0.5874988226125806,-0.7156250064046197,0.089860973942666,0.11230486443596757,0.29114366993036556,-0.5803632210079629,-0.21298065175671232,-0.676196486635458,-0.6349260228659397,-0.9121553174560907,-0.5426075992148233,-0.18326546470690624,-0.31361885198626865,-0.0006314186159466984,-0.09751686144957655,-0.5476139002663535
9,d+10,,,,,,,-0.5632422273471533,,,,,,,,,,,,,,,,,,,,,,,,,,,,,,
9,d+11,-0.5023185251551361,-0.2827312056989807,0.050576898862634764,-0.4504002836216798,-0.8442634319079076,-0.6740077881506588,-0.5633164207049762,,-0.14826380945077236,-0.9999517242089283,-0.5600359747401223,-0.22797007663334004,-0.21699403015657104,-0.9988674245714113,-0.07623587750134557,-0.5320645945090956,-0.2513453326917547,23.028881110929536,-0.9804060894181186,-0.039920974118642594,0.2657959003725816,-0.6192789917325819,-0.7049931804088917,-0.005451267537231472,0.10023069238986448,0.27726905859594875,-0.6328542633146066,-0.13630597893577653,-0.6814956719447823,-0.6627869320736565,-0.908405067115192,-0.3979796274153769,-0.19231805518265568,-0.2838540663244983,-0.0006311833727804783,-0.07987025896434967,-0.5587105796539457
9,d+12,-0.3876641306976759,-0.19800452547429198,0.040324581068229594,-0.2707381989736764,-0.8460706061415105,-0.667210153621317,-0.5601588967135428,,-0.17785147651031777,-0.999634190706957,-0.475164916103001,-0.232471729123411,-0.09846174482711151,-0.9985686122099293,-0.06185020874570443,-0.16566209106433244,-0.1653386328028929,-2.8310548905379043,-0.6207219474241761,0.02287198194289607,0.3949646643736571,-0.5883046714916523,-0.7190550222640791,0.04605248334949148,0.04168679125320073,0.3402814819214203,-0.6246720011162294,-0.10478439074940601,-0.6590579693911481,-0.6419025770845018,-0.9118782668252339,-0.4653255326077281,-0.21214120278110624,-0.30675306563865384,-0.008228926007911072,-0.05098862778084734,-0.5814656603259664
9,d+13,-0.48465303672696236,-0.26352807718837845,0.05361584324009387,-0.26143420824417934,-0.8437896559544903,-0.6670147321952785,-0.5656061266936263,,-0.06417559119744935,-0.9998675026067056,-0.5165457362852108,-0.3159512147399706,0.0022633347848314677,-0.9989571704794444,-0.08243509408572101,-0.027948275205915255,-0.21508444780931724,15.65726761850047,-0.92903642626276,0.038857052613133734,0.12083874292240884,-0.556564303151274,-0.7119684410899911,-0.013282121393693431,0.06239113728531943,0.09591178759766485,-0.6637520487371333,-0.18819194664451763,-0.6537284988281448,-0.6547684635694411,-0.9118421886096042,-0.44524082805045967,-0.21154224558626486,-0.29505612942408377,-0.008109704771294966,-0.09591326445183337,-0.547025367816797
9,d+14,-0.5062939819138179,-0.24889230930123965,0.06170792331991349,-0.3759352952587194,-0.8487815756613108,-0.6734683091326328,-0.5532377275189301,,-0.05893947406755858,-0.9992555747676515,-0.495325463624604,-0.26122201892683933,0.03553936962715929,-0.9991114530415045,-0.08270882590908792,-0.2080893463014194,-0.3277892297360681,9.20202289353374,-0.5265526713638427,-0.024331616222656463,0.15048950555505747,-0.6075200956013872,-0.7074989951880312,0.0667796308449409,0.037648980395143354,-0.07080905472998993,-0.5895634644869618,-0.1428986165699371,-0.6562813886533455,-0.661255902406527,-0.9187926267854934,-0.4309877083966913,-0.24771948553423032,-0.31316154795894924,-0.0009296128533866288,-0.09369390145812709,-0.5913576318026567
9,d+22 ~ 28 평균,-0.5258560221389431,-0.28353205461326303,-0.06204083505806941,-0.3837504046589573,-0.840771453956224,-0.6652536013333457,,,-0.21262529313711218,-0.9997404413257686,-0.4648376762184267,-0.37891224744248436,-0.09719787496798114,-0.9987744592367572,-0.0821997021330106,-0.29506865002375116,-0.3306526392896348,0.46911519849626493,-0.7768667208154092,-0.028717873921523057,0.24651385054384933,-0.5654884180736744,-0.7056053780273928,-0.10559019745675337,-0.07196163202647267,-0.03006829910367604,-0.6816136880138225,-0.27245554145503,-0.6782265741595305,-0.648671007022796,-0.9131745173122392,-0.4554949645512973,-0.21217131020577978,-0.3868016411798734,0.021687041531476,-0.2007495488862618,-0.5752727717433367
